"","Date","Mid.SKSPEC3","Mid.SKSPEC4","Mid.SKSPEC5","Mid.SKSPEC6","Mid.SKSPEC7","Mid.SKSPEC8"
"1",2012-04-28,0.57262,0.56431,0.55779,0.54151,0.52747,0.51057
"7",2012-04-30,0.5751,0.56683,0.56033,0.5441,0.53034,0.51335
"13",2012-05-01,0.57358,0.56521,0.55873,0.54243,0.52836,0.51144
"19",2012-05-02,0.57477,0.56653,0.56017,0.54395,0.52994,0.51308
"25",2012-05-03,0.57519,0.56688,0.56048,0.54422,0.53014,0.51326
"31",2012-05-04,0.57419,0.56542,0.5586,0.54197,0.52754,0.5104
"37",2012-05-08,0.5722,0.56214,0.5541,0.53644,0.52108,0.50313
"43",2012-05-09,0.56961,0.55857,0.54946,0.53096,0.5148,0.4961
"49",2012-05-10,0.56824,0.55712,0.54799,0.52949,0.51329,0.49456
"55",2012-05-11,0.56828,0.55731,0.54829,0.52991,0.51381,0.49516
"61",2012-05-14,0.5676,0.55608,0.54661,0.52781,0.51126,0.49226
"67",2012-05-15,0.56627,0.55469,0.54512,0.52632,0.50975,0.49067
"73",2012-05-16,0.56444,0.55224,0.54209,0.52283,0.50588,0.4864
"79",2012-05-17,0.5637,0.55139,0.54108,0.52173,0.50472,0.48512
"85",2012-05-18,0.56215,0.54933,0.53853,0.51879,0.50145,0.48154
"91",2012-05-21,0.56083,0.54787,0.5369,0.51707,0.49967,0.47965
"97",2012-05-22,0.56196,0.54961,0.53915,0.51977,0.50277,0.48315
"103",2012-05-23,0.562,0.54922,0.53842,0.51871,0.50143,0.48164
"109",2012-05-24,0.56174,0.54911,0.53846,0.5189,0.50175,0.48205
"115",2012-05-25,0.56155,0.54878,0.53801,0.51835,0.50114,0.48136
"121",2012-05-28,0.56239,0.54996,0.5395,0.52012,0.50314,0.48353
"127",2012-05-29,0.56317,0.55098,0.54072,0.52149,0.50467,0.48523
"133",2012-05-30,0.56321,0.551,0.5407,0.52143,0.50458,0.48513
"139",2012-05-31,0.5633,0.55102,0.54064,0.52129,0.50437,0.48483
"145",2012-06-01,0.56441,0.55138,0.54031,0.52028,0.50277,0.48275
"151",2012-06-06,0.56252,0.54968,0.53877,0.51892,0.50152,0.48161
"157",2012-06-07,0.56429,0.55229,0.54219,0.52305,0.50629,0.48691
"163",2012-06-08,0.56506,0.55278,0.54245,0.52308,0.50611,0.48655
"169",2012-06-11,0.56597,0.55415,0.54421,0.52516,0.50851,0.48921
"175",2012-06-12,0.56678,0.55455,0.54416,0.5248,0.50809,0.48841
"181",2012-06-13,0.56537,0.55329,0.54304,0.52382,0.50727,0.48772
"187",2012-06-14,0.56468,0.55247,0.54209,0.52275,0.50611,0.48647
"193",2012-06-15,0.56658,0.55474,0.54468,0.52564,0.50925,0.48982
"199",2012-06-18,0.567,0.55521,0.54527,0.52626,0.50966,0.49036
"205",2012-06-19,0.5677,0.55597,0.54611,0.52714,0.51057,0.4913
"211",2012-06-20,0.56885,0.55771,0.54835,0.52986,0.51373,0.49481
"217",2012-06-21,0.56969,0.55857,0.54918,0.53073,0.51461,0.49567
"223",2012-06-22,0.56863,0.55687,0.54691,0.52797,0.51139,0.49203
"229",2012-06-25,0.56801,0.55577,0.54537,0.52605,0.50913,0.48945
"235",2012-06-26,0.56582,0.5532,0.54244,0.52285,0.50565,0.48579
"241",2012-06-27,0.56598,0.55346,0.54274,0.52319,0.50604,0.48616
"247",2012-06-28,0.56738,0.55476,0.54397,0.52432,0.50712,0.48715
"253",2012-06-29,0.56855,0.55677,0.54677,0.5278,0.51119,0.49184
"259",2012-07-02,0.57238,0.56119,0.55177,0.53321,0.51699,0.49806
"265",2012-07-03,0.5739,0.56297,0.55381,0.53543,0.51931,0.50056
"271",2012-07-04,0.57422,0.56381,0.55511,0.53714,0.52143,0.50302
"277",2012-07-05,0.57544,0.56524,0.55672,0.5389,0.52334,0.50505
"283",2012-07-06,0.57545,0.56496,0.55617,0.53812,0.52232,0.50381
"289",2012-07-09,0.57484,0.56359,0.55415,0.5355,0.51911,0.50006
"295",2012-07-10,0.57456,0.56328,0.55383,0.53518,0.51876,0.49971
"301",2012-07-11,0.57445,0.5628,0.55302,0.53412,0.5174,0.49807
"307",2012-07-12,0.5741,0.56189,0.5516,0.53228,0.51511,0.4956
"313",2012-07-13,0.5745,0.56228,0.55201,0.53261,0.51543,0.49596
"319",2012-07-16,0.57576,0.56361,0.55341,0.53404,0.5169,0.49745
"325",2012-07-17,0.57549,0.56329,0.55304,0.53364,0.51644,0.49695
"331",2012-07-18,0.57623,0.56379,0.55335,0.53375,0.51636,0.49671
"337",2012-07-19,0.57799,0.566,0.5559,0.53658,0.51946,0.50002
"343",2012-07-20,0.57848,0.5665,0.5564,0.53706,0.51996,0.50049
"349",2012-07-23,0.57715,0.56408,0.55313,0.53292,0.51507,0.49505
"355",2012-07-24,0.57478,0.56141,0.55021,0.52978,0.51174,0.49161
"361",2012-07-25,0.57362,0.56013,0.54883,0.52831,0.51026,0.49006
"367",2012-07-26,0.57398,0.56076,0.5497,0.5294,0.51154,0.4915
"373",2012-07-27,0.57601,0.56325,0.5526,0.53268,0.51513,0.49534
"379",2012-07-30,0.57792,0.56601,0.55608,0.53684,0.51989,0.50057
"385",2012-07-31,0.57962,0.56774,0.55783,0.5386,0.52165,0.5023
"391",2012-08-01,0.58035,0.56838,0.55838,0.53915,0.52212,0.50275
"397",2012-08-02,0.58082,0.56903,0.55919,0.54011,0.5232,0.50393
"403",2012-08-03,0.58065,0.56869,0.55872,0.5395,0.52244,0.50306
"409",2012-08-06,0.58373,0.57247,0.56316,0.54449,0.52798,0.509
"415",2012-08-07,0.58447,0.57332,0.56412,0.54552,0.52909,0.51018
"421",2012-08-08,0.58502,0.57403,0.56493,0.54641,0.53007,0.51121
"427",2012-08-09,0.58533,0.57459,0.56573,0.54742,0.53127,0.51262
"433",2012-08-10,0.586,0.57521,0.56631,0.54794,0.53176,0.51294
"439",2012-08-13,0.5855,0.57475,0.5659,0.54757,0.53141,0.51264
"445",2012-08-14,0.58578,0.57499,0.56611,0.54774,0.53155,0.51274
"451",2012-08-15,0.58478,0.5741,0.56532,0.54705,0.53094,0.51222
"457",2012-08-16,0.58411,0.57355,0.56487,0.54671,0.53069,0.51206
"463",2012-08-17,0.58494,0.57479,0.56649,0.54866,0.53296,0.51456
"469",2012-08-20,0.58502,0.57499,0.56669,0.54895,0.53343,0.51518
"475",2012-08-21,0.58554,0.57546,0.56713,0.54933,0.53377,0.51547
"481",2012-08-22,0.58463,0.57417,0.56549,0.5474,0.53158,0.51307
"487",2012-08-23,0.5854,0.5747,0.56582,0.54752,0.53151,0.51279
"493",2012-08-24,0.58467,0.57342,0.56412,0.54544,0.52904,0.51004
"499",2012-08-28,0.5869,0.57537,0.56573,0.54679,0.53031,0.51099
"505",2012-08-29,0.58503,0.57336,0.56367,0.54463,0.52782,0.50853
"511",2012-08-30,0.58413,0.57226,0.56236,0.54315,0.52617,0.50675
"517",2012-08-31,0.58363,0.57186,0.56205,0.54292,0.52599,0.50664
"523",2012-09-03,0.58395,0.57231,0.56261,0.54357,0.52672,0.50743
"529",2012-09-04,0.58381,0.57207,0.56229,0.54318,0.52627,0.50694
"535",2012-09-05,0.58365,0.5716,0.56152,0.54216,0.52501,0.50546
"541",2012-09-06,0.58374,0.57203,0.56225,0.54314,0.52625,0.50691
"547",2012-09-07,0.58627,0.5759,0.56738,0.54931,0.53347,0.5149
"553",2012-09-10,0.58848,0.57808,0.56957,0.55146,0.53557,0.51694
"559",2012-09-11,0.58783,0.57704,0.56815,0.54973,0.53351,0.51461
"565",2012-09-12,0.58807,0.57766,0.56913,0.55101,0.53511,0.51642
"571",2012-09-13,0.58847,0.57804,0.56948,0.55132,0.53538,0.51667
"577",2012-09-14,0.59056,0.58114,0.57367,0.5563,0.54123,0.52321
"583",2012-09-17,0.59188,0.58249,0.57503,0.55768,0.5426,0.52459
"589",2012-09-18,0.59089,0.58085,0.57277,0.55492,0.53933,0.52086
"595",2012-09-19,0.59149,0.58139,0.57326,0.55535,0.53972,0.52115
"601",2012-09-20,0.59177,0.58146,0.57311,0.55502,0.53923,0.52051
"607",2012-09-21,0.59135,0.58109,0.5728,0.55476,0.53901,0.52032
"613",2012-09-24,0.59111,0.58064,0.57216,0.55399,0.53801,0.51927
"619",2012-09-25,0.59139,0.58091,0.57234,0.55416,0.53822,0.51935
"625",2012-09-26,0.59037,0.57934,0.57025,0.55161,0.53532,0.51608
"631",2012-09-27,0.5897,0.57855,0.56935,0.55063,0.53429,0.515
"637",2012-09-28,0.59104,0.57989,0.57069,0.55196,0.53558,0.51629
"643",2012-10-01,0.59086,0.58005,0.57116,0.55269,0.53654,0.51747
"649",2012-10-02,0.59152,0.58104,0.57246,0.55422,0.53833,0.51944
"655",2012-10-03,0.59213,0.58149,0.57277,0.55441,0.53837,0.51936
"661",2012-10-04,0.59289,0.58218,0.57348,0.55509,0.53903,0.51996
"667",2012-10-05,0.59371,0.58325,0.57478,0.55656,0.54066,0.52174
"673",2012-10-08,0.59389,0.58344,0.57499,0.55679,0.54089,0.52198
"679",2012-10-09,0.5942,0.5837,0.57517,0.55692,0.54097,0.52203
"685",2012-10-10,0.59339,0.58254,0.57369,0.55516,0.53898,0.51981
"691",2012-10-11,0.59332,0.58245,0.57361,0.55505,0.53887,0.51968
"697",2012-10-12,0.59406,0.58335,0.5746,0.55611,0.53999,0.52085
"703",2012-10-15,0.59495,0.5841,0.57522,0.55662,0.54031,0.52109
"709",2012-10-16,0.59578,0.5852,0.57658,0.55818,0.54206,0.523
"715",2012-10-17,0.59651,0.58648,0.5784,0.56042,0.54472,0.52602
"721",2012-10-18,0.59761,0.5879,0.58012,0.56239,0.54689,0.52837
"727",2012-10-19,0.59847,0.58883,0.5811,0.56341,0.54792,0.52938
"733",2012-10-22,0.59801,0.58816,0.58024,0.56238,0.54674,0.52807
"739",2012-10-23,0.59738,0.58697,0.57861,0.56033,0.54433,0.52534
"745",2012-10-24,0.59612,0.58531,0.57664,0.55794,0.54165,0.52243
"751",2012-10-25,0.59528,0.58462,0.57596,0.5575,0.54137,0.52225
"757",2012-10-26,0.5944,0.58328,0.57417,0.55533,0.53888,0.51947
"763",2012-10-29,0.59466,0.5835,0.57434,0.55544,0.53893,0.51948
"769",2012-10-30,0.59535,0.58449,0.5756,0.55694,0.54063,0.52134
"775",2012-10-31,0.59569,0.5851,0.57647,0.55801,0.54184,0.52271
"781",2012-11-01,0.59564,0.58508,0.57647,0.55804,0.54189,0.52278
"787",2012-11-02,0.5973,0.58729,0.57925,0.5613,0.54555,0.52678
"793",2012-11-05,0.59775,0.58746,0.57915,0.56096,0.54502,0.52607
"799",2012-11-06,0.5986,0.5884,0.5802,0.56209,0.54618,0.5273
"805",2012-11-07,0.59996,0.58996,0.58194,0.56398,0.54818,0.5294
"811",2012-11-08,0.59874,0.5879,0.57908,0.56039,0.54398,0.52467
"817",2012-11-09,0.59777,0.58624,0.57676,0.55749,0.54056,0.5208
"823",2012-11-12,0.59734,0.58601,0.57673,0.55764,0.54087,0.52124
"829",2012-11-13,0.59668,0.58511,0.57561,0.55626,0.53936,0.51961
"835",2012-11-14,0.59652,0.58506,0.57568,0.55644,0.53962,0.51995
"841",2012-11-15,0.59533,0.58349,0.57373,0.55418,0.53719,0.5172
"847",2012-11-16,0.59465,0.5825,0.57245,0.55263,0.53539,0.51527
"853",2012-11-19,0.59463,0.58264,0.57275,0.55308,0.53597,0.51596
"859",2012-11-20,0.5957,0.58431,0.575,0.55579,0.53913,0.51952
"865",2012-11-21,0.59574,0.58457,0.57549,0.55644,0.53997,0.52054
"871",2012-11-22,0.59662,0.58567,0.57688,0.55805,0.54175,0.52246
"877",2012-11-23,0.59778,0.58695,0.57824,0.55949,0.54328,0.52403
"883",2012-11-26,0.59852,0.58763,0.57887,0.56006,0.54379,0.52448
"889",2012-11-27,0.59853,0.58774,0.57906,0.56035,0.54415,0.52492
"895",2012-11-28,0.59907,0.58797,0.579,0.56002,0.54356,0.52411
"901",2012-11-29,0.6007,0.59004,0.5815,0.56286,0.5467,0.52753
"907",2012-11-30,0.602,0.59163,0.58338,0.56497,0.549,0.53001
"913",2012-12-03,0.60228,0.59195,0.58366,0.56531,0.54929,0.53036
"919",2012-12-04,0.60154,0.59104,0.58272,0.56432,0.54824,0.52925
"925",2012-12-05,0.60207,0.59172,0.58355,0.56522,0.5493,0.53041
"931",2012-12-06,0.60305,0.59292,0.58491,0.56669,0.55088,0.53208
"937",2012-12-07,0.60425,0.5942,0.58627,0.5681,0.55234,0.53357
"943",2012-12-10,0.60461,0.59456,0.58662,0.56843,0.55266,0.53391
"949",2012-12-11,0.60449,0.59467,0.58698,0.56906,0.55349,0.53482
"955",2012-12-12,0.60479,0.59519,0.58771,0.56999,0.55459,0.53612
"961",2012-12-13,0.6056,0.59591,0.58836,0.57057,0.55511,0.53656
"967",2012-12-14,0.60595,0.59637,0.58893,0.57124,0.55584,0.53733
"973",2012-12-17,0.60534,0.59563,0.58788,0.57039,0.55448,0.53581
"979",2012-12-18,0.60605,0.59657,0.589,0.5718,0.55593,0.53741
"985",2012-12-19,0.60709,0.59809,0.59098,0.57414,0.55869,0.54029
"991",2012-12-20,0.60776,0.59892,0.59195,0.57527,0.55991,0.54165
"997",2012-12-21,0.60783,0.59863,0.59134,0.57427,0.55868,0.54018
"1003",2012-12-24,0.60801,0.59879,0.59144,0.57439,0.55875,0.54018
"1009",2012-12-27,0.60869,0.59964,0.59245,0.57556,0.56004,0.54159
"1015",2012-12-28,0.61012,0.60085,0.59345,0.57631,0.5606,0.542
"1021",2012-12-31,0.60993,0.60042,0.59279,0.57541,0.55961,0.54077
"1027",2013-01-02,0.61065,0.60207,0.59534,0.57889,0.5638,0.5455
"1033",2013-01-03,0.61277,0.6047,0.59851,0.5825,0.5678,0.54985
"1039",2013-01-04,0.61211,0.60476,0.59923,0.58387,0.56975,0.55229
"1045",2013-01-07,0.61359,0.60622,0.60067,0.5853,0.57113,0.55359
"1051",2013-01-08,0.61412,0.60652,0.60071,0.58512,0.57076,0.55299
"1057",2013-01-09,0.6151,0.60736,0.6014,0.58571,0.57121,0.55326
"1063",2013-01-10,0.61614,0.6087,0.60298,0.5876,0.57332,0.55551
"1069",2013-01-11,0.61647,0.60913,0.6035,0.5882,0.57398,0.55625
"1075",2013-01-14,0.61749,0.61034,0.60492,0.58979,0.5757,0.55807
"1081",2013-01-15,0.61806,0.61091,0.60552,0.59034,0.57626,0.55868
"1087",2013-01-16,0.61753,0.61013,0.60449,0.58908,0.57483,0.55706
"1093",2013-01-17,0.61743,0.61032,0.60491,0.58979,0.57574,0.55808
"1099",2013-01-18,0.61938,0.61287,0.60799,0.59345,0.57981,0.56246
"1105",2013-01-21,0.62119,0.61474,0.60993,0.5954,0.58188,0.56458
"1111",2013-01-22,0.62133,0.61502,0.61035,0.59595,0.58254,0.56533
"1117",2013-01-23,0.62162,0.61523,0.61044,0.59595,0.58245,0.56513
"1123",2013-01-24,0.62176,0.6155,0.61082,0.59651,0.58302,0.56571
"1129",2013-01-25,0.622,0.61645,0.61239,0.59877,0.58582,0.56894
"1135",2013-01-28,0.62262,0.61734,0.61355,0.60018,0.58744,0.57076
"1141",2013-01-29,0.62252,0.61712,0.61319,0.5997,0.58687,0.57012
"1147",2013-01-30,0.62186,0.61685,0.61327,0.60018,0.58766,0.57134
"1153",2013-01-31,0.62092,0.61573,0.61196,0.59863,0.58599,0.5696
"1159",2013-02-01,0.6209,0.61591,0.61232,0.59918,0.58668,0.57054
"1165",2013-02-04,0.62142,0.61691,0.61382,0.60116,0.58903,0.57317
"1171",2013-02-05,0.62077,0.61585,0.61229,0.59923,0.58678,0.57054
"1177",2013-02-06,0.62196,0.61746,0.6143,0.60166,0.5895,0.57352
"1183",2013-02-07,0.62144,0.6168,0.61342,0.60058,0.58832,0.57224
"1189",2013-02-08,0.62094,0.61605,0.6125,0.5994,0.58701,0.57081
"1195",2013-02-11,0.62084,0.61608,0.61264,0.59965,0.58739,0.57131
"1201",2013-02-12,0.62185,0.6173,0.61407,0.60128,0.58919,0.57321
"1207",2013-02-13,0.62269,0.61876,0.61616,0.60397,0.59239,0.57681
"1213",2013-02-14,0.62358,0.61971,0.61721,0.60506,0.59354,0.57797
"1219",2013-02-15,0.62444,0.62057,0.61808,0.60595,0.59443,0.57877
"1225",2013-02-18,0.62437,0.6204,0.6178,0.60557,0.59397,0.57821
"1232",2013-02-19,0.62493,0.62117,0.61879,0.60677,0.59531,0.57973
"1241",2013-02-20,0.62696,0.62401,0.62247,0.61123,0.60045,0.58552
"1252",2013-02-21,0.62618,0.62235,0.61993,0.60782,0.59634,0.58084
"1263",2013-02-22,0.62625,0.62231,0.61978,0.60761,0.59603,0.5803
"1274",2013-02-25,0.62817,0.62469,0.62265,0.61092,0.59974,0.58436
"1285",2013-02-26,0.62708,0.62254,0.61953,0.60675,0.59473,0.57868
"1297",2013-02-27,0.62695,0.62246,0.61945,0.60674,0.59477,0.57858
"1309",2013-02-28,0.6289,0.62488,0.62233,0.61009,0.59845,0.58259
"1321",2013-03-01,0.63037,0.62643,0.624,0.61182,0.60023,0.58443
"1333",2013-03-04,0.6303,0.6262,0.62361,0.61127,0.59952,0.58356
"1345",2013-03-05,0.63039,0.62655,0.6242,0.61214,0.60057,0.58483
"1357",2013-03-06,0.63241,0.62929,0.62764,0.61627,0.60524,0.58999
"1369",2013-03-07,0.6338,0.63086,0.62938,0.61813,0.60723,0.59203
"1381",2013-03-08,0.63488,0.63215,0.63087,0.6198,0.60904,0.59395
"1393",2013-03-11,0.63616,0.63378,0.6329,0.62215,0.61168,0.59682
"1405",2013-03-12,0.63742,0.63504,0.63415,0.62338,0.61287,0.59797
"1417",2013-03-13,0.6363,0.6334,0.63201,0.62073,0.60982,0.59454
"1429",2013-03-14,0.6359,0.6332,0.63196,0.62092,0.61014,0.59503
"1441",2013-03-15,0.63535,0.63242,0.63089,0.61962,0.60861,0.5933
"1453",2013-03-18,0.63445,0.63089,0.6287,0.61685,0.60533,0.58955
"1465",2013-03-19,0.6343,0.63066,0.62838,0.61649,0.60487,0.58913
"1477",2013-03-20,0.63436,0.63054,0.62806,0.61599,0.60419,0.58833
"1489",2013-03-21,0.63402,0.63006,0.62743,0.61521,0.6033,0.58735
"1501",2013-03-22,0.63312,0.62891,0.62595,0.61352,0.60136,0.58523
"1513",2013-03-25,0.63382,0.62995,0.62731,0.61525,0.60336,0.58747
"1525",2013-03-26,0.6336,0.62935,0.62641,0.61393,0.60177,0.5856
"1537",2013-03-27,0.63429,0.62997,0.62696,0.61441,0.60223,0.58594
"1549",2013-03-28,0.63463,0.6306,0.62781,0.61557,0.60358,0.5875
"1561",2013-04-02,0.63424,0.63031,0.62758,0.61544,0.60348,0.58746
"1573",2013-04-03,0.6346,0.63085,0.62831,0.61638,0.60457,0.58873
"1585",2013-04-04,0.63463,0.63031,0.62743,0.61491,0.60275,0.58677
"1597",2013-04-05,0.63284,0.62717,0.62301,0.60933,0.59608,0.57914
"1609",2013-04-08,0.63262,0.62657,0.62203,0.60798,0.59441,0.57718
"1621",2013-04-09,0.6332,0.62734,0.62299,0.60911,0.5957,0.5786
"1633",2013-04-10,0.63468,0.62936,0.62554,0.61213,0.59913,0.58241
"1645",2013-04-11,0.63632,0.63173,0.62861,0.61584,0.60341,0.58717
"1657",2013-04-12,0.63717,0.63243,0.62918,0.61628,0.60371,0.58735
"1669",2013-04-15,0.63586,0.63052,0.62669,0.61328,0.60021,0.58343
"1681",2013-04-16,0.63449,0.62875,0.62456,0.61081,0.59743,0.58041
"1693",2013-04-17,0.6349,0.62928,0.62522,0.61158,0.5983,0.58138
"1705",2013-04-18,0.63427,0.6283,0.62391,0.60997,0.59641,0.57924
"1717",2013-04-19,0.63389,0.62778,0.62326,0.6092,0.59554,0.57827
"1729",2013-04-22,0.63564,0.63006,0.62605,0.61245,0.5992,0.58228
"1741",2013-04-23,0.63683,0.63119,0.62713,0.61349,0.60017,0.58314
"1753",2013-04-24,0.63762,0.63261,0.62914,0.61602,0.6032,0.58665
"1765",2013-04-25,0.63886,0.6341,0.63087,0.61796,0.60534,0.58896
"1777",2013-04-26,0.63891,0.63404,0.63069,0.61768,0.60495,0.58847
"1789",2013-04-29,0.63887,0.63385,0.63036,0.61722,0.60439,0.58779
"1801",2013-04-30,0.64073,0.63582,0.63243,0.61939,0.60662,0.59009
"1813",2013-05-01,0.64104,0.63633,0.63313,0.62027,0.60766,0.59126
"1825",2013-05-02,0.64096,0.63582,0.63221,0.61899,0.60603,0.5893
"1837",2013-05-03,0.64174,0.63672,0.63321,0.6201,0.60722,0.59059
"1849",2013-05-07,0.64315,0.63913,0.63659,0.62433,0.61228,0.59638
"1861",2013-05-08,0.64505,0.64136,0.63916,0.62719,0.61543,0.59971
"1873",2013-05-09,0.64607,0.64237,0.64018,0.62821,0.61643,0.60068
"1885",2013-05-10,0.64582,0.64284,0.64132,0.62996,0.6188,0.60353
"1897",2013-05-13,0.64514,0.64232,0.64094,0.6297,0.61868,0.60352
"1909",2013-05-14,0.64492,0.64239,0.64126,0.63026,0.61948,0.60452
"1921",2013-05-15,0.64621,0.6445,0.6442,0.63393,0.62384,0.60948
"1933",2013-05-16,0.64701,0.6455,0.64541,0.63534,0.62541,0.61117
"1945",2013-05-17,0.64774,0.64607,0.64583,0.63561,0.62553,0.61112
"1957",2013-05-20,0.64826,0.64717,0.6475,0.63779,0.6282,0.61424
"1969",2013-05-21,0.64925,0.64831,0.6488,0.63924,0.62977,0.61592
"1981",2013-05-22,0.64999,0.64933,0.65012,0.64083,0.63162,0.61798
"1993",2013-05-23,0.64766,0.64611,0.64605,0.63596,0.62604,0.61178
"2005",2013-05-24,0.64538,0.64344,0.64297,0.63248,0.62228,0.6078
"2017",2013-05-28,0.6462,0.64455,0.64437,0.63415,0.6242,0.60992
"2029",2013-05-29,0.64502,0.64361,0.64365,0.63365,0.62392,0.60984
"2041",2013-05-30,0.64297,0.64099,0.64048,0.62997,0.61982,0.60538
"2053",2013-05-31,0.64229,0.63994,0.63905,0.62819,0.61775,0.60304
"2065",2013-06-03,0.63884,0.63639,0.63541,0.62444,0.61403,0.59933
"2077",2013-06-04,0.63863,0.63612,0.63503,0.62398,0.6135,0.59876
"2089",2013-06-05,0.63659,0.63341,0.63168,0.62001,0.60904,0.59385
"2101",2013-06-06,0.63371,0.62983,0.6274,0.61506,0.60359,0.58795
"2113",2013-06-07,0.6315,0.62708,0.62409,0.61122,0.59933,0.5833
"2125",2013-06-10,0.63174,0.62791,0.62545,0.61309,0.60167,0.58607
"2137",2013-06-11,0.62914,0.62513,0.6225,0.60996,0.59847,0.58277
"2149",2013-06-12,0.62726,0.62304,0.62015,0.60736,0.59575,0.57991
"2161",2013-06-13,0.62524,0.62029,0.6167,0.60318,0.59103,0.57465
"2173",2013-06-14,0.62671,0.62216,0.61898,0.60587,0.59402,0.57795
"2185",2013-06-17,0.62818,0.62385,0.62091,0.60804,0.59632,0.58038
"2197",2013-06-18,0.62846,0.6247,0.62229,0.60995,0.59869,0.58316
"2209",2013-06-19,0.62853,0.62482,0.62246,0.61018,0.59896,0.58344
"2221",2013-06-20,0.62417,0.61999,0.61721,0.60446,0.59297,0.5772
"2233",2013-06-21,0.62022,0.6158,0.61279,0.59975,0.58818,0.57232
"2245",2013-06-24,0.61559,0.61063,0.60713,0.59353,0.58166,0.56551
"2257",2013-06-25,0.61314,0.60798,0.60425,0.59041,0.57844,0.5622
"2269",2013-06-26,0.61519,0.61085,0.60788,0.59482,0.58344,0.56777
"2281",2013-06-27,0.61796,0.61415,0.61166,0.59913,0.58809,0.57274
"2293",2013-06-28,0.62187,0.61871,0.61683,0.60499,0.59434,0.57937
"2305",2013-07-01,0.62225,0.61978,0.61855,0.60738,0.59729,0.58267
"2317",2013-07-02,0.62381,0.62153,0.62046,0.6095,0.59951,0.58511
"2329",2013-07-03,0.62238,0.61932,0.61757,0.60588,0.59533,0.58039
"2341",2013-07-04,0.62217,0.61951,0.61813,0.60681,0.59659,0.58196
"2353",2013-07-05,0.62489,0.62339,0.62307,0.61287,0.60345,0.58957
"2365",2013-07-08,0.62605,0.62488,0.62489,0.61505,0.60585,0.59218
"2377",2013-07-09,0.62737,0.6266,0.62696,0.61749,0.60853,0.5951
"2389",2013-07-10,0.62825,0.62727,0.62743,0.6178,0.60866,0.59504
"2401",2013-07-11,0.62961,0.62891,0.62924,0.61969,0.61062,0.59708
"2413",2013-07-12,0.63155,0.63127,0.63198,0.62285,0.61407,0.6009
"2425",2013-07-15,0.63212,0.63207,0.63299,0.62419,0.61548,0.60243
"2437",2013-07-16,0.63303,0.63305,0.63403,0.62532,0.61669,0.60363
"2449",2013-07-17,0.63183,0.6315,0.63217,0.62311,0.61424,0.60093
"2461",2013-07-18,0.6329,0.6327,0.63345,0.62451,0.61573,0.60247
"2473",2013-07-19,0.63343,0.63332,0.63417,0.62534,0.61662,0.60345
"2485",2013-07-22,0.63319,0.63294,0.6337,0.62472,0.61587,0.60257
"2497",2013-07-23,0.63413,0.6342,0.63525,0.62657,0.61794,0.60488
"2509",2013-07-24,0.6344,0.63478,0.63592,0.6275,0.61906,0.60617
"2521",2013-07-25,0.6337,0.6338,0.63472,0.62603,0.61736,0.60426
"2533",2013-07-26,0.63301,0.633,0.63383,0.62502,0.61627,0.60307
"2545",2013-07-29,0.6324,0.63207,0.6326,0.62351,0.61449,0.60104
"2557",2013-07-30,0.63258,0.63233,0.63296,0.62395,0.61501,0.60163
"2569",2013-07-31,0.63374,0.63375,0.63465,0.6259,0.61719,0.60401
"2581",2013-08-01,0.63505,0.6353,0.63641,0.62789,0.61936,0.60639
"2593",2013-08-02,0.63627,0.63719,0.63898,0.63108,0.62319,0.61074
"2605",2013-08-05,0.63586,0.63672,0.63844,0.63048,0.62255,0.61008
"2617",2013-08-06,0.6355,0.63611,0.63767,0.62964,0.62158,0.60883
"2629",2013-08-07,0.63305,0.63303,0.63394,0.62529,0.61669,0.60344
"2641",2013-08-08,0.63202,0.63173,0.63237,0.62345,0.61461,0.60117
"2653",2013-08-09,0.63268,0.63256,0.63339,0.62464,0.61597,0.60265
"2665",2013-08-12,0.63362,0.63364,0.63461,0.62597,0.6174,0.60417
"2677",2013-08-13,0.63477,0.63523,0.63661,0.62833,0.62011,0.60719
"2689",2013-08-14,0.6344,0.6351,0.63667,0.62857,0.62055,0.60781
"2701",2013-08-15,0.63228,0.63256,0.6337,0.62521,0.61686,0.60376
"2713",2013-08-16,0.62992,0.62962,0.63015,0.62111,0.61226,0.59874
"2725",2013-08-19,0.62891,0.62863,0.62921,0.62021,0.61144,0.59796
"2737",2013-08-20,0.62676,0.62584,0.62578,0.61623,0.6069,0.59293
"2749",2013-08-21,0.62581,0.62484,0.62475,0.61513,0.60579,0.5918
"2761",2013-08-22,0.62577,0.62502,0.62515,0.61575,0.60661,0.59282
"2773",2013-08-23,0.62632,0.62588,0.62631,0.61723,0.60835,0.59477
"2785",2013-08-27,0.62786,0.62709,0.62721,0.61785,0.60864,0.59478
"2797",2013-08-28,0.62545,0.62384,0.62314,0.61304,0.60312,0.58864
"2809",2013-08-29,0.62535,0.62392,0.62337,0.61341,0.60375,0.58924
"2821",2013-08-30,0.62595,0.62456,0.62412,0.61422,0.60454,0.59023
"2833",2013-09-02,0.62627,0.62523,0.62512,0.61552,0.60616,0.59209
"2845",2013-09-03,0.62703,0.62623,0.62635,0.61694,0.60776,0.59387
"2857",2013-09-04,0.62652,0.62567,0.62569,0.61623,0.607,0.59306
"2869",2013-09-05,0.62691,0.62652,0.62707,0.61804,0.60928,0.59576
"2881",2013-09-06,0.62717,0.62725,0.6282,0.61956,0.61114,0.59795
"2893",2013-09-09,0.62824,0.62857,0.62977,0.62136,0.61314,0.60013
"2905",2013-09-10,0.6302,0.63129,0.6333,0.62555,0.61802,0.60563
"2917",2013-09-11,0.63068,0.63195,0.63401,0.62638,0.61891,0.60659
"2929",2013-09-12,0.6309,0.63192,0.63372,0.62588,0.61818,0.60565
"2941",2013-09-13,0.63075,0.63151,0.63308,0.62499,0.61709,0.60436
"2953",2013-09-16,0.63189,0.63284,0.63461,0.62669,0.61895,0.60635
"2965",2013-09-17,0.6329,0.63373,0.63535,0.62733,0.61944,0.60669
"2977",2013-09-18,0.63213,0.63295,0.63455,0.62653,0.61864,0.6059
"2989",2013-09-19,0.63474,0.6359,0.63787,0.63015,0.62254,0.61006
"3001",2013-09-20,0.63617,0.63724,0.63903,0.63117,0.62339,0.61073
"3013",2013-09-23,0.6344,0.63513,0.63655,0.62837,0.6203,0.60735
"3025",2013-09-24,0.63458,0.63505,0.63626,0.62789,0.61962,0.60651
"3037",2013-09-25,0.63497,0.6351,0.63605,0.62739,0.61882,0.60544
"3049",2013-09-26,0.63478,0.63466,0.6354,0.62655,0.61778,0.60424
"3061",2013-09-27,0.6343,0.63398,0.63453,0.62552,0.61659,0.60291
"3073",2013-09-30,0.63262,0.63172,0.63169,0.62219,0.61276,0.59862
"3085",2013-10-01,0.63185,0.63089,0.63084,0.6213,0.6119,0.5978
"3097",2013-10-02,0.63268,0.6318,0.63184,0.62237,0.61303,0.59915
"3109",2013-10-03,0.63324,0.63262,0.63289,0.62364,0.61451,0.60082
"3121",2013-10-04,0.63422,0.63379,0.63425,0.62517,0.61618,0.60262
"3133",2013-10-07,0.63435,0.63361,0.63372,0.62433,0.61504,0.60119
"3145",2013-10-08,0.63408,0.63322,0.63329,0.62382,0.61447,0.60059
"3157",2013-10-09,0.63425,0.63323,0.63313,0.62351,0.614,0.59998
"3169",2013-10-10,0.63472,0.63402,0.63425,0.62492,0.61569,0.60194
"3181",2013-10-11,0.63688,0.63689,0.63783,0.62911,0.62049,0.60725
"3193",2013-10-14,0.63796,0.63821,0.63932,0.63078,0.62231,0.6092
"3205",2013-10-15,0.63873,0.63948,0.64114,0.63307,0.62508,0.61242
"3217",2013-10-16,0.63796,0.63838,0.63958,0.63118,0.62279,0.60977
"3229",2013-10-17,0.63921,0.63984,0.64134,0.63316,0.62502,0.61224
"3241",2013-10-18,0.64097,0.64163,0.64304,0.63482,0.62654,0.61376
"3253",2013-10-21,0.64221,0.64317,0.64491,0.63696,0.62896,0.61646
"3265",2013-10-22,0.64252,0.64366,0.64553,0.63772,0.62983,0.61742
"3277",2013-10-23,0.64355,0.64448,0.64617,0.63819,0.63011,0.61752
"3289",2013-10-24,0.64349,0.64416,0.64557,0.63735,0.62903,0.61623
"3301",2013-10-25,0.64309,0.64357,0.64479,0.63641,0.6279,0.61493
"3313",2013-10-28,0.64336,0.6438,0.64497,0.63654,0.62798,0.61497
"3325",2013-10-29,0.64438,0.6451,0.64655,0.63838,0.63006,0.61726
"3337",2013-10-30,0.64618,0.64725,0.64901,0.64111,0.63307,0.62048
"3349",2013-10-31,0.64607,0.64687,0.64833,0.64019,0.63192,0.61904
"3361",2013-11-01,0.64553,0.64626,0.64762,0.63942,0.63111,0.61822
"3373",2013-11-04,0.6452,0.64604,0.64749,0.63939,0.63118,0.61837
"3385",2013-11-05,0.64419,0.64478,0.64599,0.63767,0.62927,0.61629
"3397",2013-11-06,0.6433,0.64393,0.64521,0.63696,0.62864,0.61572
"3409",2013-11-07,0.64285,0.64337,0.64452,0.63616,0.62774,0.61473
"3421",2013-11-08,0.64174,0.64166,0.64217,0.63328,0.62431,0.61081
"3433",2013-11-11,0.64182,0.6423,0.64344,0.63508,0.62666,0.61366
"3445",2013-11-12,0.64226,0.64305,0.64445,0.63632,0.62812,0.61531
"3457",2013-11-13,0.64059,0.64099,0.64195,0.63345,0.62489,0.61175
"3469",2013-11-14,0.64059,0.64111,0.64228,0.63394,0.62554,0.61256
"3481",2013-11-15,0.64214,0.64301,0.6445,0.63646,0.62831,0.61554
"3493",2013-11-18,0.64368,0.645,0.64687,0.63918,0.63136,0.61889
"3505",2013-11-19,0.64408,0.64526,0.64696,0.63912,0.63115,0.61854
"3517",2013-11-20,0.64266,0.64352,0.64487,0.63674,0.6285,0.61569
"3529",2013-11-21,0.64092,0.64192,0.64335,0.63533,0.62723,0.61454
"3541",2013-11-22,0.6406,0.6416,0.643,0.63498,0.62687,0.61417
"3553",2013-11-25,0.64156,0.64276,0.64434,0.6365,0.62865,0.61612
"3565",2013-11-26,0.64274,0.64377,0.64531,0.63731,0.6292,0.61645
"3577",2013-11-27,0.64225,0.64314,0.64452,0.63638,0.62813,0.61525
"3589",2013-11-28,0.64198,0.643,0.64458,0.63659,0.62851,0.61577
"3601",2013-11-29,0.64312,0.6443,0.64598,0.63812,0.63015,0.61753
"3613",2013-12-02,0.64213,0.64325,0.6448,0.63686,0.62884,0.61612
"3625",2013-12-03,0.64036,0.64091,0.64191,0.63348,0.62501,0.61186
"3637",2013-12-04,0.63903,0.63943,0.6403,0.63175,0.62319,0.60996
"3649",2013-12-05,0.63872,0.6391,0.63994,0.63135,0.62279,0.60953
"3661",2013-12-06,0.63842,0.63892,0.63991,0.63145,0.62301,0.60986
"3673",2013-12-09,0.63946,0.64015,0.64143,0.63316,0.62494,0.61201
"3685",2013-12-10,0.64061,0.64133,0.64261,0.63434,0.62609,0.61314
"3697",2013-12-11,0.64102,0.64161,0.64275,0.63438,0.62603,0.61301
"3709",2013-12-12,0.63885,0.63874,0.63917,0.63015,0.62123,0.60762
"3721",2013-12-13,0.63864,0.63855,0.63909,0.63013,0.62131,0.6078
"3733",2013-12-16,0.63927,0.63912,0.63962,0.63061,0.62175,0.60817
"3745",2013-12-17,0.64035,0.64048,0.64123,0.63245,0.6238,0.61047
"3757",2013-12-18,0.6402,0.64039,0.64114,0.63238,0.62375,0.61039
"3769",2013-12-19,0.64048,0.64092,0.64204,0.63357,0.6252,0.61207
"3781",2013-12-20,0.6409,0.64136,0.64253,0.63402,0.6258,0.61248
"3793",2013-12-23,0.64272,0.64339,0.64477,0.6365,0.62817,0.61534
"3805",2013-12-24,0.64413,0.64522,0.64714,0.63917,0.6312,0.61863
"3817",2013-12-27,0.64362,0.64503,0.64718,0.63946,0.63169,0.61932
"3829",2013-12-30,0.64427,0.64591,0.64823,0.64079,0.63301,0.62079
"3841",2013-12-31,0.64439,0.64609,0.64847,0.64109,0.63334,0.62116
"3853",2014-01-02,0.64342,0.64523,0.6477,0.6404,0.63273,0.62065
"3865",2014-01-03,0.64324,0.645,0.64748,0.64014,0.63242,0.62039
"3877",2014-01-06,0.64415,0.64582,0.64826,0.64086,0.63305,0.62098
"3889",2014-01-07,0.6449,0.64646,0.6488,0.6413,0.63333,0.62118
"3901",2014-01-08,0.64582,0.64742,0.64988,0.64244,0.63452,0.62241
"3913",2014-01-09,0.64588,0.64743,0.64988,0.64243,0.63445,0.62236
"3925",2014-01-10,0.6464,0.64802,0.65048,0.64306,0.63508,0.62304
"3937",2014-01-13,0.64813,0.64983,0.65239,0.64503,0.63705,0.62508
"3949",2014-01-14,0.64801,0.64934,0.65149,0.64381,0.6355,0.62327
"3961",2014-01-15,0.64885,0.65052,0.65307,0.64569,0.63769,0.62572
"3973",2014-01-16,0.65024,0.65213,0.6549,0.6477,0.63983,0.62796
"3985",2014-01-17,0.65034,0.65215,0.6548,0.64753,0.63952,0.62759
"3997",2014-01-20,0.65013,0.65165,0.65412,0.64664,0.63845,0.6263
"4009",2014-01-21,0.65,0.65149,0.65396,0.64646,0.63826,0.62611
"4021",2014-01-22,0.64924,0.65059,0.65287,0.64521,0.63687,0.62458
"4033",2014-01-23,0.64851,0.64966,0.65176,0.64392,0.63544,0.62303
"4045",2014-01-24,0.64615,0.6463,0.64732,0.63845,0.62916,0.61586
"4057",2014-01-27,0.64198,0.64127,0.64133,0.63156,0.62162,0.60755
"4069",2014-01-28,0.64143,0.64068,0.64077,0.63101,0.62112,0.607
"4081",2014-01-29,0.64254,0.64211,0.64256,0.63315,0.62355,0.60971
"4093",2014-01-30,0.64225,0.64138,0.64136,0.63149,0.62147,0.60733
"4105",2014-01-31,0.6426,0.64155,0.64134,0.63135,0.62126,0.60699
"4117",2014-02-03,0.64287,0.64209,0.64226,0.63259,0.62276,0.60873
"4129",2014-02-04,0.64132,0.63977,0.63892,0.62832,0.61774,0.60296
"4141",2014-02-05,0.64238,0.64095,0.64041,0.63008,0.61972,0.60514
"4153",2014-02-06,0.64299,0.64197,0.64183,0.63185,0.6218,0.60749
"4165",2014-02-07,0.64432,0.6439,0.64445,0.63509,0.62553,0.61175
"4177",2014-02-10,0.64536,0.64511,0.64583,0.63663,0.62717,0.61351
"4189",2014-02-11,0.64625,0.64633,0.64742,0.63856,0.62936,0.61596
"4201",2014-02-12,0.64699,0.6474,0.64884,0.64029,0.63135,0.61822
"4213",2014-02-13,0.64567,0.64564,0.64651,0.63743,0.62813,0.61454
"4225",2014-02-14,0.64589,0.64609,0.64727,0.63842,0.62932,0.61595
"4237",2014-02-17,0.6471,0.6475,0.64888,0.64025,0.63128,0.61806
"4249",2014-02-18,0.64793,0.64842,0.6499,0.64136,0.63245,0.61931
"4261",2014-02-19,0.64925,0.6497,0.65122,0.64268,0.63375,0.62061
"4273",2014-02-20,0.64814,0.6485,0.64981,0.6411,0.63206,0.61878
"4291",2014-02-21,0.64831,0.6491,0.65093,0.6427,0.6341,0.62119
"4309",2014-02-24,0.6492,0.64996,0.6518,0.64356,0.63492,0.62199
"4327",2014-02-25,0.65016,0.65088,0.6527,0.64443,0.63575,0.62275
"4345",2014-02-26,0.6507,0.65136,0.65318,0.64489,0.63615,0.62315
"4363",2014-02-27,0.65159,0.65193,0.6535,0.64495,0.63601,0.62277
"4381",2014-02-28,0.65291,0.65352,0.65545,0.64721,0.63851,0.62555
"4399",2014-03-03,0.652,0.65186,0.65293,0.6439,0.63454,0.62091
"4417",2014-03-04,0.6518,0.65206,0.65361,0.64506,0.63611,0.62283
"4435",2014-03-05,0.65292,0.65355,0.65538,0.64707,0.63834,0.62532
"4453",2014-03-06,0.65341,0.65425,0.65637,0.6483,0.63975,0.62693
"4471",2014-03-07,0.65384,0.65479,0.65701,0.64905,0.64057,0.62785
"4489",2014-03-10,0.65257,0.65355,0.65571,0.64774,0.63924,0.62651
"4507",2014-03-11,0.65226,0.65299,0.65486,0.64661,0.63786,0.62494
"4525",2014-03-12,0.65157,0.65179,0.65312,0.64437,0.63516,0.62185
"4543",2014-03-13,0.6506,0.65053,0.65154,0.6425,0.63306,0.61952
"4561",2014-03-14,0.65007,0.64938,0.64979,0.64015,0.63019,0.61617
"4579",2014-03-17,0.64992,0.64929,0.64983,0.64032,0.63052,0.61662
"4597",2014-03-18,0.65118,0.65083,0.6517,0.64248,0.63301,0.61938
"4615",2014-03-19,0.65247,0.65235,0.65342,0.6444,0.63513,0.62165
"4633",2014-03-20,0.65034,0.65011,0.65097,0.64174,0.63229,0.61861
"4651",2014-03-21,0.65057,0.65062,0.65182,0.64288,0.63376,0.62035
"4669",2014-03-24,0.65108,0.65102,0.65204,0.64297,0.63372,0.62019
"4687",2014-03-25,0.6518,0.65162,0.65259,0.64347,0.63412,0.62049
"4705",2014-03-26,0.65251,0.65261,0.65383,0.64496,0.6359,0.6225
"4723",2014-03-27,0.65209,0.65186,0.65262,0.64336,0.63389,0.62015
"4741",2014-03-28,0.65254,0.6523,0.65313,0.64392,0.63457,0.62091
"4759",2014-03-31,0.65311,0.65318,0.6543,0.64538,0.63632,0.62291
"4777",2014-04-01,0.65508,0.65549,0.65693,0.64832,0.63963,0.62651
"4795",2014-04-02,0.65607,0.65681,0.65862,0.65031,0.64194,0.62911
"4813",2014-04-03,0.65706,0.65784,0.65975,0.65151,0.6432,0.63044
"4831",2014-04-04,0.65687,0.65765,0.65941,0.65106,0.64263,0.62977
"4849",2014-04-07,0.65705,0.65733,0.65862,0.64984,0.64099,0.62777
"4867",2014-04-08,0.65478,0.65427,0.65452,0.6449,0.63521,0.62119
"4885",2014-04-09,0.65497,0.65446,0.65485,0.64538,0.6358,0.62189
"4903",2014-04-10,0.65651,0.65618,0.65683,0.64753,0.63814,0.62439
"4921",2014-04-11,0.65506,0.654,0.65388,0.6439,0.63384,0.61947
"4939",2014-04-14,0.65313,0.6514,0.65048,0.63993,0.62934,0.61442
"4957",2014-04-15,0.65211,0.65032,0.64928,0.63876,0.62808,0.61316
"4975",2014-04-16,0.65172,0.64981,0.64863,0.63802,0.62727,0.61227
"4993",2014-04-17,0.65285,0.65135,0.65067,0.64044,0.63006,0.61542
"5011",2014-04-22,0.65381,0.65284,0.65269,0.64292,0.63296,0.61872
"5029",2014-04-23,0.65398,0.65294,0.65267,0.64282,0.63279,0.61851
"5047",2014-04-24,0.65416,0.65321,0.65301,0.64323,0.6332,0.61898
"5065",2014-04-25,0.65415,0.65265,0.65185,0.64159,0.63109,0.61644
"5083",2014-04-28,0.65242,0.65049,0.64932,0.63873,0.62793,0.61299
"5101",2014-04-29,0.65241,0.65056,0.64942,0.63889,0.62815,0.61327
"5120",2014-04-30,0.65247,0.6506,0.64935,0.63878,0.62799,0.61308
"5139",2014-05-01,0.65298,0.65102,0.64971,0.63911,0.62826,0.6133
"5164",2014-05-02,0.65437,0.65251,0.65142,0.64095,0.63026,0.61541
"5189",2014-05-06,0.65458,0.65264,0.65152,0.64099,0.63023,0.61532
"5214",2014-05-07,0.65404,0.65169,0.6502,0.63929,0.62821,0.61302
"5239",2014-05-08,0.65415,0.65169,0.65008,0.63909,0.62793,0.61267
"5264",2014-05-09,0.6556,0.65336,0.6519,0.64096,0.62989,0.61462
"5289",2014-05-12,0.65531,0.65292,0.65136,0.64041,0.62929,0.61405
"5314",2014-05-13,0.6564,0.65434,0.65312,0.6425,0.6317,0.61672
"5339",2014-05-14,0.65885,0.65687,0.65586,0.64535,0.63462,0.61972
"5364",2014-05-15,0.65928,0.65706,0.65576,0.64504,0.63406,0.619
"5389",2014-05-16,0.657,0.65394,0.65168,0.64017,0.6284,0.61275
"5414",2014-05-19,0.65652,0.6534,0.65115,0.63972,0.62793,0.61232
"5439",2014-05-20,0.65678,0.65374,0.65162,0.64027,0.62862,0.61307
"5464",2014-05-21,0.65611,0.65303,0.65091,0.63946,0.62775,0.61212
"5489",2014-05-22,0.65689,0.65419,0.65254,0.64151,0.63022,0.61493
"5514",2014-05-23,0.65772,0.65535,0.65404,0.6433,0.63225,0.61716
"5539",2014-05-27,0.65921,0.6571,0.6561,0.64565,0.63487,0.61997
"5564",2014-05-28,0.66091,0.65901,0.65825,0.64797,0.63736,0.62263
"5589",2014-05-29,0.66257,0.6607,0.66007,0.64986,0.63929,0.62458
"5614",2014-05-30,0.66318,0.66136,0.66079,0.65061,0.64008,0.62542
"5639",2014-06-02,0.66335,0.66148,0.66082,0.6506,0.64004,0.62535
"5664",2014-06-03,0.66318,0.66125,0.66049,0.65018,0.63951,0.62479
"5689",2014-06-04,0.66248,0.66062,0.65982,0.64954,0.63888,0.62419
"5714",2014-06-05,0.66295,0.66108,0.66027,0.64997,0.63934,0.62467
"5739",2014-06-06,0.66352,0.66188,0.6613,0.65124,0.64084,0.62632
"5764",2014-06-09,0.66527,0.66389,0.66366,0.65384,0.64374,0.62944
"5789",2014-06-10,0.66648,0.66518,0.66508,0.65531,0.64529,0.63106
"5814",2014-06-11,0.66616,0.66475,0.6645,0.65463,0.64448,0.6302
"5839",2014-06-12,0.66541,0.66398,0.66371,0.65386,0.64368,0.62942
"5864",2014-06-13,0.663,0.66103,0.66013,0.64973,0.63893,0.62434
"5889",2014-06-16,0.66205,0.65983,0.65872,0.64819,0.63717,0.62252
"5914",2014-06-17,0.66161,0.65931,0.65809,0.64753,0.63639,0.6217
"5939",2014-06-18,0.66188,0.65959,0.65843,0.64793,0.63682,0.62219
"5964",2014-06-19,0.66215,0.6601,0.65917,0.64892,0.63805,0.62358
"5989",2014-06-20,0.66223,0.66021,0.65929,0.64901,0.63814,0.62363
"6014",2014-06-23,0.66158,0.65941,0.65833,0.64794,0.63694,0.62233
"6039",2014-06-24,0.66187,0.65963,0.6585,0.64806,0.63703,0.62243
"6064",2014-06-25,0.66182,0.65929,0.65796,0.64731,0.63601,0.62116
"6089",2014-06-26,0.66201,0.65957,0.6584,0.64786,0.63671,0.62194
"6114",2014-06-27,0.66237,0.65994,0.65885,0.64833,0.63724,0.62247
"6139",2014-06-30,0.66254,0.66022,0.65928,0.64887,0.63793,0.62324
"6164",2014-07-01,0.66222,0.66021,0.65942,0.64923,0.63854,0.62393
"6189",2014-07-02,0.66295,0.66135,0.66105,0.65119,0.64092,0.62668
"6214",2014-07-03,0.66352,0.66222,0.66223,0.65259,0.6426,0.62852
"6239",2014-07-04,0.66357,0.66252,0.66273,0.65329,0.64351,0.62956
"6264",2014-07-07,0.66365,0.6625,0.66263,0.65309,0.64325,0.62925
"6289",2014-07-08,0.6628,0.66113,0.6607,0.65071,0.64037,0.62598
"6314",2014-07-09,0.66108,0.65875,0.65759,0.64706,0.6361,0.62128
"6339",2014-07-10,0.6605,0.65781,0.65624,0.6454,0.63409,0.61907
"6364",2014-07-11,0.6602,0.65756,0.65611,0.64536,0.63413,0.61915
"6389",2014-07-14,0.66082,0.65835,0.65707,0.64646,0.63542,0.62057
"6414",2014-07-15,0.66089,0.65858,0.65738,0.64688,0.63593,0.62117
"6439",2014-07-16,0.66119,0.65906,0.65809,0.64778,0.63703,0.62239
"6464",2014-07-17,0.66105,0.65884,0.65774,0.64733,0.63651,0.6218
"6489",2014-07-18,0.66015,0.65767,0.6563,0.64567,0.63457,0.61967
"6514",2014-07-21,0.66041,0.65795,0.65661,0.64607,0.63505,0.62023
"6539",2014-07-22,0.66174,0.65979,0.65899,0.64883,0.63828,0.62374
"6564",2014-07-23,0.66368,0.66202,0.66163,0.65173,0.64154,0.62721
"6589",2014-07-24,0.66494,0.66349,0.66336,0.65361,0.64364,0.62942
"6614",2014-07-25,0.66575,0.66451,0.66461,0.65502,0.64522,0.63104
"6639",2014-07-28,0.6654,0.66414,0.66424,0.65462,0.64478,0.6306
"6664",2014-07-29,0.66567,0.66444,0.66466,0.65515,0.64542,0.6313
"6689",2014-07-30,0.66539,0.66409,0.66419,0.65457,0.64474,0.63056
"6714",2014-07-31,0.66496,0.66353,0.66345,0.65368,0.64373,0.62944
"6739",2014-08-01,0.66299,0.66105,0.66039,0.65016,0.63968,0.62503
"6764",2014-08-04,0.66364,0.66174,0.66127,0.65119,0.64087,0.62637
"6789",2014-08-05,0.66332,0.66138,0.66082,0.65069,0.64032,0.62575
"6814",2014-08-06,0.66141,0.65908,0.65799,0.64746,0.63667,0.62178
"6839",2014-08-07,0.66039,0.65798,0.65683,0.64636,0.63557,0.62071
"6864",2014-08-08,0.66027,0.65757,0.65616,0.64539,0.63432,0.61924
"6889",2014-08-11,0.66145,0.65923,0.65841,0.64813,0.63761,0.6229
"6914",2014-08-12,0.66273,0.66084,0.6603,0.65024,0.63996,0.6254
"6939",2014-08-13,0.66392,0.66227,0.66204,0.6522,0.64218,0.62779
"6964",2014-08-14,0.66557,0.66396,0.66384,0.65411,0.64419,0.62983
"6989",2014-08-15,0.66686,0.6653,0.6653,0.65566,0.64584,0.63148
"7014",2014-08-18,0.66721,0.66557,0.66552,0.6558,0.64592,0.63147
"7039",2014-08-19,0.66889,0.66759,0.66799,0.65864,0.64914,0.63498
"7064",2014-08-20,0.6694,0.66813,0.6685,0.65914,0.64964,0.63543
"7089",2014-08-21,0.66915,0.66802,0.66848,0.65926,0.64987,0.63577
"7114",2014-08-22,0.67053,0.66944,0.6701,0.66093,0.65158,0.63748
"7139",2014-08-26,0.67105,0.67023,0.67121,0.66231,0.6532,0.63931
"7164",2014-08-27,0.67237,0.67166,0.6728,0.66401,0.65503,0.64119
"7189",2014-08-28,0.67215,0.67093,0.67155,0.66237,0.65297,0.63875
"7214",2014-08-29,0.67194,0.67073,0.67141,0.66225,0.65286,0.63868
"7239",2014-09-01,0.67273,0.67151,0.67211,0.66295,0.65362,0.6394
"7264",2014-09-02,0.67318,0.67215,0.67293,0.66395,0.65483,0.64078
"7289",2014-09-03,0.67484,0.67477,0.67649,0.66823,0.65991,0.6465
"7314",2014-09-04,0.67586,0.67592,0.67774,0.66953,0.66128,0.64788
"7339",2014-09-05,0.67619,0.67644,0.67843,0.67035,0.66224,0.64895
"7364",2014-09-08,0.67742,0.6778,0.67994,0.67199,0.664,0.65091
"7389",2014-09-09,0.67768,0.6782,0.68037,0.67248,0.6645,0.65134
"7414",2014-09-10,0.6755,0.67571,0.67747,0.66932,0.66104,0.64764
"7439",2014-09-11,0.67362,0.67346,0.67482,0.66635,0.65773,0.64405
"7464",2014-09-12,0.67342,0.67326,0.67472,0.66629,0.65773,0.64408
"7489",2014-09-15,0.67201,0.67148,0.67249,0.6637,0.65478,0.64081
"7514",2014-09-16,0.67057,0.6698,0.67054,0.66155,0.65241,0.63828
"7539",2014-09-17,0.67161,0.6709,0.67178,0.66283,0.65377,0.63964
"7564",2014-09-18,0.67041,0.66959,0.67029,0.66126,0.65207,0.63787
"7589",2014-09-19,0.6703,0.66957,0.67038,0.6615,0.65244,0.63831
"7614",2014-09-22,0.6697,0.66871,0.66924,0.66019,0.65091,0.63664
"7639",2014-09-23,0.66775,0.66604,0.6658,0.65608,0.64611,0.63128
"7664",2014-09-24,0.66683,0.66494,0.66465,0.65478,0.64471,0.62972
"7689",2014-09-25,0.66778,0.66605,0.66604,0.65642,0.64658,0.63174
"7714",2014-09-26,0.66616,0.6642,0.66378,0.65386,0.64366,0.62857
"7739",2014-09-29,0.66508,0.66312,0.66281,0.65297,0.64286,0.6278
"7764",2014-09-30,0.66408,0.66202,0.66154,0.65158,0.64132,0.6262
"7789",2014-10-01,0.66396,0.66167,0.6609,0.65073,0.64029,0.62498
"7814",2014-10-02,0.6629,0.66023,0.65909,0.64853,0.63774,0.62216
"7839",2014-10-03,0.66317,0.66044,0.65932,0.64876,0.638,0.62238
"7864",2014-10-06,0.66485,0.66253,0.6619,0.65176,0.64146,0.62615
"7889",2014-10-07,0.66494,0.66234,0.66141,0.65098,0.64036,0.62484
"7914",2014-10-08,0.66319,0.66001,0.65844,0.64748,0.63636,0.62041
"7939",2014-10-09,0.66316,0.65963,0.65782,0.64666,0.63537,0.61922
"7964",2014-10-10,0.6611,0.6569,0.65424,0.64243,0.63045,0.61379
"7989",2014-10-13,0.65949,0.65492,0.6519,0.63969,0.62741,0.61034
"8014",2014-10-14,0.65893,0.65404,0.65074,0.63829,0.62579,0.60852
"8039",2014-10-15,0.65985,0.65525,0.65227,0.64009,0.62789,0.61078
"8064",2014-10-16,0.65578,0.65022,0.64605,0.63295,0.61985,0.60197
"8089",2014-10-17,0.65533,0.65009,0.64632,0.63352,0.62082,0.60317
"8114",2014-10-20,0.65618,0.65154,0.64832,0.63603,0.62375,0.60658
"8139",2014-10-21,0.65735,0.65297,0.65012,0.63809,0.62609,0.60912
"8164",2014-10-22,0.66013,0.65637,0.65429,0.64291,0.63151,0.61507
"8189",2014-10-23,0.66053,0.65678,0.65468,0.64327,0.63181,0.61535
"8214",2014-10-24,0.6614,0.65774,0.65583,0.64455,0.6332,0.61679
"8239",2014-10-27,0.66074,0.65689,0.65475,0.64333,0.63177,0.61531
"8264",2014-10-28,0.66088,0.65721,0.65528,0.64397,0.63258,0.6162
"8289",2014-10-29,0.66294,0.65995,0.65877,0.64806,0.63727,0.62139
"8314",2014-10-30,0.66332,0.66033,0.65905,0.64835,0.63755,0.62163
"8339",2014-10-31,0.66538,0.6629,0.66219,0.65204,0.6418,0.62617
"8364",2014-11-03,0.66582,0.66359,0.66298,0.653,0.64281,0.6273
"8389",2014-11-04,0.66571,0.6635,0.663,0.65305,0.64294,0.6276
"8414",2014-11-05,0.66558,0.66345,0.663,0.65316,0.64312,0.6279
"8439",2014-11-06,0.66586,0.66374,0.66332,0.65348,0.64343,0.62819
"8464",2014-11-07,0.6662,0.66415,0.66389,0.65419,0.64426,0.62914
"8489",2014-11-10,0.66689,0.66489,0.66468,0.65503,0.64515,0.6301
"8514",2014-11-11,0.66744,0.66552,0.66541,0.65583,0.64603,0.63099
"8539",2014-11-12,0.66791,0.6662,0.66632,0.6569,0.64727,0.63236
"8564",2014-11-13,0.66897,0.6675,0.66792,0.65873,0.64936,0.63461
"8589",2014-11-14,0.66952,0.66813,0.66864,0.65952,0.6502,0.63551
"8614",2014-11-17,0.66931,0.66774,0.66809,0.6589,0.64945,0.63468
"8639",2014-11-18,0.66915,0.66768,0.66806,0.65896,0.64955,0.63486
"8664",2014-11-19,0.66947,0.66804,0.66847,0.65943,0.65004,0.63541
"8689",2014-11-20,0.66857,0.66705,0.66733,0.65819,0.64866,0.63393
"8714",2014-11-21,0.67063,0.6695,0.67038,0.66163,0.65258,0.63816
"8739",2014-11-24,0.67287,0.67221,0.67358,0.66522,0.65653,0.64243
"8764",2014-11-25,0.67353,0.67285,0.67423,0.66589,0.6572,0.6431
"8789",2014-11-26,0.67402,0.67342,0.67494,0.66662,0.65799,0.64387
"8814",2014-11-27,0.67382,0.67312,0.67459,0.66624,0.65756,0.64339
"8839",2014-11-28,0.67502,0.67426,0.6757,0.66733,0.65868,0.64446
"8864",2014-12-01,0.67343,0.67204,0.67282,0.66399,0.65481,0.64013
"8889",2014-12-02,0.67326,0.67227,0.67343,0.6649,0.65604,0.6416
"8914",2014-12-03,0.67286,0.67197,0.67317,0.66471,0.6559,0.64154
"8939",2014-12-04,0.67446,0.67425,0.67623,0.66825,0.66002,0.64609
"8964",2014-12-05,0.67417,0.67411,0.67621,0.66837,0.66025,0.6464
"8989",2014-12-08,0.67495,0.67526,0.67779,0.67021,0.66241,0.64881
"9014",2014-12-09,0.67161,0.6709,0.67229,0.66392,0.65525,0.64092
"9039",2014-12-10,0.66983,0.66889,0.67003,0.66148,0.65265,0.63817
"9064",2014-12-11,0.66779,0.66626,0.66673,0.65766,0.64833,0.63347
"9089",2014-12-12,0.66564,0.66374,0.66375,0.65436,0.64475,0.62967
"9114",2014-12-15,0.66368,0.6614,0.66107,0.65137,0.64144,0.62616
"9139",2014-12-16,0.66059,0.65764,0.65662,0.64631,0.63541,0.61974
"9164",2014-12-17,0.65905,0.65645,0.65579,0.64582,0.63568,0.62039
"9189",2014-12-18,0.66203,0.66038,0.66068,0.65163,0.64262,0.62794
"9214",2014-12-19,0.66485,0.66372,0.66447,0.6559,0.64704,0.63255
"9239",2014-12-22,0.66762,0.66742,0.66922,0.66146,0.65339,0.63947
"9264",2014-12-23,0.66933,0.66919,0.6711,0.66344,0.65535,0.64147
"9289",2014-12-24,0.66992,0.6699,0.67183,0.66427,0.65625,0.64239
"9314",2014-12-29,0.6743,0.67439,0.67654,0.66916,0.66145,0.64761
"9339",2014-12-30,0.67057,0.6708,0.67312,0.66575,0.65788,0.64416
"9364",2014-12-31,0.67088,0.67077,0.67282,0.66536,0.65715,0.64321
"9389",2015-01-02,0.67205,0.6726,0.67542,0.66848,0.66103,0.64757
"9414",2015-01-05,0.67279,0.67359,0.67669,0.66996,0.66268,0.64936
"9439",2015-01-06,0.67153,0.67152,0.67379,0.66633,0.65807,0.64415
"9464",2015-01-07,0.6713,0.67132,0.67364,0.66622,0.65822,0.64437
"9489",2015-01-08,0.67399,0.67456,0.67751,0.67064,0.66339,0.64995
"9514",2015-01-09,0.67553,0.67618,0.67921,0.67243,0.66498,0.65154
"9539",2015-01-12,0.67529,0.67581,0.67871,0.67157,0.66415,0.65057
"9564",2015-01-13,0.67571,0.67609,0.67888,0.67165,0.66402,0.65045
"9589",2015-01-14,0.67485,0.67499,0.67745,0.66994,0.66191,0.64807
"9614",2015-01-15,0.67387,0.67369,0.67582,0.66802,0.65969,0.64567
"9639",2015-01-16,0.67385,0.6734,0.67527,0.6673,0.65904,0.64482
"9664",2015-01-19,0.67396,0.67348,0.67528,0.66739,0.65931,0.64514
"9689",2015-01-20,0.67533,0.67532,0.67756,0.67006,0.66215,0.64821
"9714",2015-01-21,0.6775,0.67794,0.68077,0.67365,0.66606,0.65243
"9739",2015-01-22,0.67969,0.6803,0.6834,0.67647,0.6692,0.65577
"9764",2015-01-23,0.68229,0.68393,0.68813,0.68222,0.67605,0.66335
"9789",2015-01-26,0.68333,0.6848,0.68882,0.6827,0.67598,0.66303
"9814",2015-01-27,0.68317,0.68445,0.68833,0.68209,0.67524,0.66223
"9839",2015-01-28,0.68066,0.68121,0.68423,0.67737,0.66978,0.6563
"9864",2015-01-29,0.68026,0.68065,0.68357,0.67658,0.66909,0.65548
"9889",2015-01-30,0.68038,0.68077,0.6837,0.67677,0.66945,0.65592
"9914",2015-02-02,0.67986,0.68001,0.68264,0.67548,0.66771,0.65392
"9939",2015-02-03,0.68196,0.68252,0.68567,0.67891,0.6719,0.6584
"9964",2015-02-04,0.6827,0.68363,0.68711,0.68065,0.67353,0.66031
"9989",2015-02-05,0.68073,0.68129,0.6843,0.67753,0.67001,0.65649
"10014",2015-02-06,0.67999,0.68034,0.68312,0.67618,0.6686,0.65502
"10039",2015-02-09,0.67896,0.67925,0.68192,0.67491,0.6671,0.65352
"10064",2015-02-10,0.67857,0.67888,0.68159,0.67461,0.66703,0.65351
"10089",2015-02-11,0.67782,0.67787,0.68039,0.67326,0.66542,0.65178
"10114",2015-02-12,0.6775,0.67818,0.68128,0.67462,0.66744,0.65417
"10139",2015-02-13,0.67907,0.68016,0.68377,0.67755,0.6708,0.6578
"10164",2015-02-16,0.68052,0.68169,0.68535,0.67916,0.6724,0.65945
"10189",2015-02-17,0.68037,0.68181,0.68576,0.67983,0.6732,0.66039
"10214",2015-02-18,0.68023,0.6818,0.68576,0.67984,0.67333,0.66058
"10239",2015-02-19,0.67999,0.6817,0.68585,0.68009,0.6738,0.66119
"10264",2015-02-20,0.6809,0.68275,0.68706,0.68143,0.67529,0.66282
"10289",2015-02-23,0.68142,0.68325,0.68754,0.68191,0.67582,0.66328
"10314",2015-02-24,0.68076,0.6826,0.68688,0.6812,0.67496,0.66234
"10339",2015-02-25,0.68146,0.68322,0.68748,0.68182,0.67561,0.66296
"10364",2015-02-26,0.68273,0.68474,0.6892,0.68372,0.67775,0.66527
"10389",2015-02-27,0.6836,0.6856,0.69012,0.68464,0.67873,0.66624
"10414",2015-03-02,0.68398,0.68606,0.69078,0.68542,0.67965,0.66715
"10439",2015-03-03,0.68303,0.68492,0.68942,0.68395,0.67809,0.66548
"10464",2015-03-04,0.68107,0.68262,0.68673,0.68093,0.67459,0.66176
"10489",2015-03-05,0.68158,0.68335,0.68772,0.68219,0.67635,0.66375
"10514",2015-03-06,0.68313,0.68509,0.68968,0.68432,0.67853,0.66604
"10539",2015-03-09,0.6821,0.6839,0.68821,0.68256,0.67646,0.66374
"10564",2015-03-10,0.68004,0.68119,0.6849,0.67886,0.67227,0.65922
"10589",2015-03-11,0.67781,0.67835,0.68149,0.67495,0.66794,0.65457
"10614",2015-03-12,0.68035,0.68123,0.68487,0.67879,0.67228,0.65926
"10639",2015-03-13,0.68302,0.6843,0.68838,0.68264,0.67651,0.66361
"10664",2015-03-16,0.68383,0.68531,0.68961,0.68398,0.67785,0.66497
"10689",2015-03-17,0.68411,0.68589,0.69055,0.6852,0.67939,0.66664
"10714",2015-03-18,0.68583,0.68849,0.69407,0.68949,0.68429,0.67207
"10739",2015-03-19,0.68733,0.69001,0.69571,0.69118,0.68594,0.67361
"10764",2015-03-20,0.68865,0.69179,0.69791,0.69365,0.68895,0.67701
"10789",2015-03-23,0.68978,0.69286,0.69899,0.69479,0.68992,0.67791
"10814",2015-03-24,0.69064,0.69378,0.70002,0.69591,0.69117,0.67914
"10839",2015-03-25,0.69066,0.69375,0.69985,0.69566,0.69067,0.67852
"10864",2015-03-26,0.68829,0.69092,0.69622,0.69146,0.68573,0.67322
"10889",2015-03-27,0.68759,0.69009,0.69534,0.69043,0.68503,0.6726
"10914",2015-03-30,0.68971,0.69292,0.69904,0.69481,0.69016,0.67816
"10939",2015-03-31,0.69007,0.69347,0.69966,0.6955,0.69061,0.6786
"10964",2015-04-01,0.69166,0.69553,0.70234,0.69861,0.69443,0.68284
"10989",2015-04-02,0.69304,0.69702,0.70396,0.70035,0.69616,0.68465
"11014",2015-04-07,0.6949,0.6994,0.70703,0.70395,0.70033,0.68923
"11039",2015-04-08,0.699,0.70464,0.71354,0.71123,0.70841,0.698
"11064",2015-04-09,0.70216,0.70863,0.71853,0.71697,0.71497,0.70517
"11089",2015-04-10,0.70542,0.71296,0.72412,0.72347,0.72247,0.71336
"11114",2015-04-13,0.70768,0.71607,0.72801,0.72789,0.72741,0.71868
"11139",2015-04-14,0.70659,0.71452,0.72585,0.72539,0.72445,0.71547
"11164",2015-04-15,0.706634,0.714639,0.726163,0.725805,0.724986,0.716066
"11189",2015-04-16,0.706089,0.714143,0.725628,0.725179,0.724251,0.715318
"11214",2015-04-17,0.702256,0.709206,0.719293,0.71796,0.715918,0.706536
"11239",2015-04-20,0.701859,0.708756,0.719053,0.717839,0.71618,0.706938
"11264",2015-04-21,0.703641,0.71102,0.721954,0.721125,0.719903,0.710954
"11289",2015-04-22,0.702858,0.710243,0.721004,0.719985,0.718439,0.70941
"11314",2015-04-23,0.702159,0.709428,0.72021,0.719125,0.717638,0.708578
"11339",2015-04-24,0.702731,0.710195,0.721198,0.720301,0.719064,0.710206
"11364",2015-04-27,0.703827,0.711349,0.722441,0.721679,0.720529,0.711706
"11389",2015-04-28,0.702903,0.709986,0.720409,0.71913,0.717436,0.708351
"11414",2015-04-29,0.701752,0.708366,0.718403,0.716715,0.714693,0.705338
"11439",2015-04-30,0.700346,0.706335,0.715738,0.713429,0.710759,0.701042
