Date,IMAmix35,IMAmix60,IMAmix85,IMAflex
31-Mar-15,0.014,0.037,0.000,0.035
30-Mar-15,0.199,0.154,0.288,0.308
27-Mar-15,-0.140,-0.278,-0.139,-0.128
26-Mar-15,-0.411,-0.450,-0.896,-0.577
25-Mar-15,0.000,0.031,-0.097,0.000
24-Mar-15,0.118,0.154,0.199,0.178
23-Mar-15,0.181,0.193,0.218,0.174
20-Mar-15,0.225,0.303,0.329,0.322
19-Mar-15,0.181,0.259,0.333,0.201
18-Mar-15,0.285,0.316,0.488,0.510
17-Mar-15,0.168,0.245,0.357,0.318
16-Mar-15,0.203,0.240,0.285,0.295
13-Mar-15,0.282,0.472,0.608,0.725
12-Mar-15,0.400,0.294,0.543,0.390
11-Mar-15,-0.110,-0.344,-0.539,-0.479
10-Mar-15,-0.167,-0.315,-0.445,-0.479
09-Mar-15,-0.320,-0.240,-0.414,-0.217
06-Mar-15,0.231,0.288,0.385,0.393
05-Mar-15,0.195,0.109,0.387,0.174
04-Mar-15,-0.201,-0.231,-0.369,-0.210
03-Mar-15,-0.086,0.005,0.034,0.076
02-Mar-15,0.080,0.132,0.139,0.142
27-Feb-15,0.040,0.061,0.085,0.112
26-Feb-15,0.168,0.150,0.148,0.149
25-Feb-15,0.167,0.103,0.129,0.009
24-Feb-15,0.047,0.069,0.017,0.018
23-Feb-15,0.123,0.142,0.234,0.216
20-Feb-15,0.087,0.124,0.189,0.200
19-Feb-15,0.070,0.082,0.104,0.096
18-Feb-15,-0.052,-0.001,0.093,0.052
17-Feb-15,0.038,0.055,0.062,0.076
16-Feb-15,0.091,0.184,0.178,0.214
13-Feb-15,0.186,0.234,0.397,0.398
12-Feb-15,0.000,0.008,0.110,0.047
11-Feb-15,-0.088,0.000,0.000,0.000
10-Feb-15,-0.112,-0.129,-0.053,-0.078
09-Feb-15,-0.173,-0.167,-0.235,-0.115
06-Feb-15,-0.088,-0.049,-0.036,-0.049
05-Feb-15,-0.088,-0.084,-0.074,-0.028
04-Feb-15,-0.059,0.074,0.000,0.000
03-Feb-15,0.084,0.162,0.445,0.338
02-Feb-15,0.000,0.000,-0.133,-0.066
30-Jan-15,0.052,0.014,0.052,0.000
29-Jan-15,0.066,-0.092,-0.157,-0.197
28-Jan-15,-0.157,-0.171,-0.347,-0.348
27-Jan-15,-0.026,0.000,0.000,-0.027
26-Jan-15,0.086,0.162,0.015,0.020
23-Jan-15,0.620,0.649,0.926,0.936
22-Jan-15,0.166,0.180,0.370,0.320
21-Jan-15,0.260,0.304,0.338,0.338
20-Jan-15,0.251,0.396,0.529,0.489
19-Jan-15,0.267,0.396,0.592,0.456
16-Jan-15,0.262,0.037,0.226,0.000
15-Jan-15,-0.135,-0.276,-0.486,-0.392
14-Jan-15,-0.119,-0.174,-0.429,-0.318
13-Jan-15,0.105,0.028,0.031,0.000
12-Jan-15,0.082,0.038,-0.022,0.000
09-Jan-15,0.176,0.339,0.457,0.487
08-Jan-15,0.341,0.400,0.801,0.631
07-Jan-15,0.052,-0.134,-0.180,-0.081
06-Jan-15,-0.026,-0.220,-0.604,-0.335
05-Jan-15,0.077,0.108,0.146,0.200
02-Jan-15,0.063,0.000,0.000,0.000
01-Jan-15,0.000,0.000,0.000,0.000
31-Dec-14,0.000,-0.097,-0.228,-0.205
30-Dec-14,0.000,0.000,-0.053,-0.042
29-Dec-14,0.072,0.071,0.085,0.097
26-Dec-14,0.000,0.000,0.000,0.000
25-Dec-14,0.000,0.000,0.000,0.000
24-Dec-14,0.000,0.077,0.163,0.156
23-Dec-14,0.275,0.340,0.357,0.372
22-Dec-14,0.449,0.591,0.770,0.773
19-Dec-14,0.415,0.731,1.063,1.130
18-Dec-14,0.389,0.542,1.029,0.921
17-Dec-14,-0.089,-0.207,0.000,-0.080
16-Dec-14,-0.316,-0.536,-0.861,-0.863
15-Dec-14,-0.199,-0.390,-0.537,-0.515
12-Dec-14,-0.321,-0.442,-0.617,-0.607
11-Dec-14,-0.245,-0.401,-0.623,-0.632
10-Dec-14,-0.206,-0.363,-0.487,-0.495
09-Dec-14,-0.110,-0.210,-0.485,-0.415
08-Dec-14,-0.079,0.000,0.000,0.000
05-Dec-14,0.025,0.067,0.079,0.069
04-Dec-14,0.059,0.071,0.091,0.096
03-Dec-14,-0.008,0.014,0.079,0.072
02-Dec-14,-0.028,-0.028,0.031,0.000
01-Dec-14,-0.060,-0.091,-0.133,-0.111
28-Nov-14,0.059,0.077,0.064,0.088
27-Nov-14,0.082,0.046,0.029,0.000
26-Nov-14,0.085,0.085,0.036,0.000
25-Nov-14,0.161,0.163,0.206,0.179
24-Nov-14,0.182,0.267,0.334,0.334
21-Nov-14,0.233,0.189,0.432,0.361
20-Nov-14,-0.061,-0.085,-0.221,-0.145
19-Nov-14,0.016,0.093,0.171,0.140
18-Nov-14,0.084,0.100,0.271,0.111
17-Nov-14,0.112,0.076,0.067,0.000
14-Nov-14,0.125,0.159,0.155,0.263
13-Nov-14,0.167,0.170,0.346,0.317
12-Nov-14,0.083,0.102,0.016,0.068
11-Nov-14,0.086,0.121,0.268,0.220
10-Nov-14,0.133,0.153,0.088,0.088
07-Nov-14,0.139,0.159,0.308,0.222
06-Nov-14,0.039,0.092,0.111,0.041
05-Nov-14,0.085,0.077,0.140,0.135
04-Nov-14,0.000,0.000,-0.018,0.000
03-Nov-14,0.018,0.236,0.205,0.207
31-Oct-14,0.378,0.522,1.054,0.914
30-Oct-14,0.088,0.145,0.064,0.206
29-Oct-14,0.172,0.257,0.499,0.423
28-Oct-14,0.021,0.019,0.070,0.041
27-Oct-14,0.000,0.000,0.000,0.000
24-Oct-14,0.087,0.127,0.255,0.164
23-Oct-14,0.128,0.192,0.130,0.145
22-Oct-14,0.344,0.576,0.893,0.791
21-Oct-14,0.271,0.354,0.615,0.543
20-Oct-14,0.138,0.335,0.509,0.458
17-Oct-14,-0.268,-0.251,0.141,0.000
16-Oct-14,-0.457,-0.645,-1.210,-0.922
15-Oct-14,0.066,0.000,0.100,0.000
14-Oct-14,0.015,-0.100,-0.238,-0.337
13-Oct-14,-0.183,-0.392,-0.472,-0.596
10-Oct-14,-0.203,-0.434,-0.853,-0.671
09-Oct-14,-0.083,-0.172,-0.075,-0.097
08-Oct-14,-0.084,-0.298,-0.625,-0.577
07-Oct-14,-0.016,0.000,-0.260,-0.101
06-Oct-14,0.224,0.265,0.585,0.489
03-Oct-14,-0.070,-0.180,-0.203,-0.118
02-Oct-14,-0.084,-0.252,-0.511,-0.523
01-Oct-14,-0.037,-0.089,-0.203,-0.162
30-Sep-14,-0.018,-0.020,0.000,0.000
29-Sep-14,-0.100,-0.149,-0.030,-0.091
26-Sep-14,-0.094,-0.134,-0.449,-0.285
25-Sep-14,0.100,0.103,0.306,0.138
24-Sep-14,-0.156,-0.319,-0.406,-0.379
23-Sep-14,-0.264,-0.341,-0.649,-0.545
22-Sep-14,0.087,0.049,-0.136,-0.065
19-Sep-14,0.088,0.152,0.341,0.195
18-Sep-14,-0.067,0.000,-0.012,0.000
17-Sep-14,-0.060,-0.025,0.000,-0.034
16-Sep-14,-0.105,-0.159,-0.218,-0.163
15-Sep-14,-0.096,-0.108,-0.189,-0.195
12-Sep-14,-0.068,-0.107,-0.050,-0.069
11-Sep-14,-0.191,-0.223,-0.331,-0.338
10-Sep-14,-0.036,-0.060,-0.089,-0.130
09-Sep-14,-0.080,-0.071,0.023,0.000
08-Sep-14,0.088,0.077,0.111,0.225
05-Sep-14,0.000,0.000,0.000,0.038
04-Sep-14,0.087,0.147,0.127,0.132
03-Sep-14,0.093,0.231,0.407,0.451
02-Sep-14,0.014,0.084,0.199,0.215
01-Sep-14,0.000,0.000,0.000,0.000
29-Aug-14,0.000,-0.056,-0.037,-0.012
28-Aug-14,0.072,0.049,-0.121,-0.078
27-Aug-14,0.182,0.241,0.310,0.266
26-Aug-14,0.201,0.214,0.293,0.272
25-Aug-14,0.000,0.000,0.000,0.000
22-Aug-14,0.133,0.159,0.186,0.164
21-Aug-14,0.075,0.087,0.181,0.220
20-Aug-14,0.055,0.125,0.102,0.150
19-Aug-14,0.219,0.265,0.484,0.398
18-Aug-14,0.081,0.089,0.036,0.009
15-Aug-14,0.272,0.312,0.401,0.388
14-Aug-14,0.275,0.343,0.442,0.424
13-Aug-14,0.184,0.218,0.325,0.342
12-Aug-14,0.125,0.252,0.293,0.326
11-Aug-14,0.064,0.069,0.439,0.375
08-Aug-14,0.000,-0.063,-0.296,-0.148
07-Aug-14,0.000,-0.139,-0.049,-0.108
06-Aug-14,-0.186,-0.281,-0.569,-0.421
05-Aug-14,-0.057,-0.017,0.000,0.000
04-Aug-14,0.037,-0.077,0.080,0.000
01-Aug-14,-0.350,-0.472,-0.809,-0.710
31-Jul-14,-0.191,-0.176,-0.260,-0.233
30-Jul-14,0.019,0.016,0.005,0.036
29-Jul-14,0.073,0.064,0.080,0.063
28-Jul-14,-0.032,-0.055,-0.147,-0.095
25-Jul-14,0.000,0.038,0.095,0.069
24-Jul-14,0.106,0.186,0.222,0.268
23-Jul-14,0.172,0.249,0.389,0.382
22-Jul-14,0.136,0.160,0.248,0.270
21-Jul-14,0.043,0.000,0.103,0.000
18-Jul-14,-0.019,-0.118,-0.241,-0.179
17-Jul-14,0.000,0.011,-0.036,0.000
16-Jul-14,0.087,0.066,0.168,0.084
15-Jul-14,-0.035,0.060,0.047,0.044
14-Jul-14,0.159,0.180,0.282,0.190
11-Jul-14,-0.057,-0.122,-0.072,-0.086
10-Jul-14,-0.119,-0.298,-0.396,-0.445
09-Jul-14,-0.169,-0.320,-0.587,-0.549
08-Jul-14,-0.078,-0.190,-0.431,-0.283
07-Jul-14,0.000,0.006,-0.046,0.000
04-Jul-14,0.078,0.134,0.210,0.177
03-Jul-14,0.037,0.142,0.223,0.205
02-Jul-14,0.097,0.140,0.347,0.247
01-Jul-14,-0.019,0.069,0.078,0.048
30-Jun-14,-0.006,0.008,0.064,0.061
27-Jun-14,0.049,0.062,0.014,0.000
26-Jun-14,0.000,-0.082,-0.083,-0.084
25-Jun-14,-0.007,-0.124,-0.238,-0.137
24-Jun-14,0.000,-0.032,-0.071,0.000
23-Jun-14,-0.033,-0.059,-0.107,-0.067
20-Jun-14,0.000,0.070,0.019,0.063
19-Jun-14,0.175,0.199,0.320,0.303
18-Jun-14,0.089,0.071,0.109,0.104
17-Jun-14,-0.048,-0.081,-0.077,-0.035
16-Jun-14,-0.081,-0.248,-0.236,-0.263
13-Jun-14,-0.364,-0.358,-0.647,-0.614
12-Jun-14,-0.047,-0.085,-0.100,-0.105
11-Jun-14,-0.063,-0.052,-0.080,-0.055
10-Jun-14,0.040,0.088,0.087,0.138
09-Jun-14,0.151,0.253,0.321,0.328
06-Jun-14,0.175,0.167,0.296,0.271
05-Jun-14,-0.013,-0.016,-0.020,0.000
04-Jun-14,-0.057,-0.056,0.000,0.000
03-Jun-14,-0.094,-0.060,-0.074,0.000
02-Jun-14,0.000,0.019,0.062,0.053
30-May-14,0.044,0.095,0.045,0.113
29-May-14,0.226,0.228,0.304,0.299
28-May-14,0.241,0.324,0.376,0.433
27-May-14,0.204,0.241,0.428,0.394
26-May-14,0.000,0.000,0.000,0.000
23-May-14,0.115,0.200,0.227,0.312
22-May-14,0.110,0.155,0.339,0.297
21-May-14,-0.103,-0.112,-0.221,-0.164
20-May-14,-0.049,-0.021,0.000,0.000
19-May-14,-0.095,-0.187,-0.095,-0.048
16-May-14,-0.198,-0.319,-0.600,-0.428
15-May-14,0.087,0.108,0.062,0.000
14-May-14,0.271,0.284,0.346,0.422
13-May-14,0.173,0.212,0.370,0.392
12-May-14,0.000,0.080,0.100,0.146
09-May-14,0.144,0.149,0.122,0.090
08-May-14,0.078,0.024,0.151,0.038
07-May-14,-0.056,-0.107,-0.279,-0.262
06-May-14,-0.011,0.000,-0.014,-0.039
05-May-14,0.000,0.000,0.000,0.000
02-May-14,0.136,0.147,0.222,0.183
01-May-14,0.084,0.050,0.076,0.000
30-Apr-14,0.044,0.104,0.150,0.088
29-Apr-14,0.055,0.096,0.091,0.095
28-Apr-14,-0.055,-0.160,-0.248,-0.222
25-Apr-14,0.000,-0.021,-0.215,-0.187
24-Apr-14,0.119,0.093,0.153,0.100
23-Apr-14,0.128,0.261,0.276,0.315
22-Apr-14,0.191,0.336,0.590,0.557
21-Apr-14,0.000,0.000,0.000,0.000
18-Apr-14,0.000,0.000,0.000,0.000
17-Apr-14,0.075,0.092,0.250,0.182
16-Apr-14,0.000,0.049,0.044,0.036
15-Apr-14,-0.023,-0.086,0.000,-0.026
14-Apr-14,-0.187,-0.420,-0.675,-0.636
11-Apr-14,-0.139,-0.202,-0.605,-0.445
10-Apr-14,0.177,0.234,0.269,0.264
09-Apr-14,0.032,-0.104,0.147,0.000
08-Apr-14,-0.443,-0.436,-0.912,-0.774
07-Apr-14,0.072,-0.002,-0.187,-0.224
04-Apr-14,0.067,0.045,0.040,0.041
03-Apr-14,0.089,0.161,0.171,0.239
02-Apr-14,0.158,0.251,0.404,0.435
01-Apr-14,0.174,0.256,0.372,0.437
31-Mar-14,0.081,0.109,0.267,0.340
28-Mar-14,0.074,-0.026,0.000,0.000
27-Mar-14,-0.084,-0.010,-0.245,-0.087
26-Mar-14,0.104,0.159,0.280,0.216
25-Mar-14,0.089,-0.009,0.000,0.000
24-Mar-14,0.000,0.000,-0.094,0.000
21-Mar-14,0.086,-0.026,0.108,0.075
20-Mar-14,-0.130,-0.121,-0.390,-0.201
19-Mar-14,0.141,0.220,0.309,0.293
18-Mar-14,0.099,0.207,0.344,0.325
17-Mar-14,0.000,-0.153,0.030,0.000
14-Mar-14,-0.091,-0.252,-0.517,-0.575
13-Mar-14,-0.117,-0.245,-0.337,-0.375
12-Mar-14,-0.070,-0.168,-0.275,-0.281
11-Mar-14,-0.101,-0.161,-0.222,-0.165
10-Mar-14,-0.018,-0.039,-0.079,0.000
07-Mar-14,0.000,0.061,0.072,0.098
06-Mar-14,0.074,0.139,0.207,0.272
05-Mar-14,0.140,0.218,0.252,0.310
04-Mar-14,0.210,0.000,0.325,0.071
03-Mar-14,-0.179,-0.096,-0.546,-0.370
28-Feb-14,0.088,0.078,0.232,0.205
27-Feb-14,0.037,-0.005,-0.116,-0.073
26-Feb-14,0.088,0.064,0.040,0.029
25-Feb-14,0.050,0.079,0.082,0.115
24-Feb-14,0.160,0.217,0.247,0.277
21-Feb-14,0.092,0.088,0.292,0.233
20-Feb-14,-0.059,0.025,-0.068,-0.038
19-Feb-14,0.176,0.203,0.268,0.241
18-Feb-14,0.184,0.206,0.276,0.250
17-Feb-14,0.144,0.224,0.329,0.247
14-Feb-14,0.088,0.018,0.160,0.033
13-Feb-14,-0.092,-0.046,-0.208,-0.070
12-Feb-14,0.042,0.185,0.320,0.316
11-Feb-14,0.171,0.242,0.384,0.351
10-Feb-14,0.163,0.295,0.381,0.413
07-Feb-14,0.177,0.318,0.535,0.520
06-Feb-14,0.085,0.220,0.316,0.344
05-Feb-14,0.141,-0.084,0.089,0.000
04-Feb-14,-0.197,-0.297,-0.671,-0.496
03-Feb-14,0.092,0.087,0.165,0.079
31-Jan-14,-0.075,-0.176,-0.186,-0.283
30-Jan-14,0.058,-0.009,-0.244,-0.080
29-Jan-14,0.106,0.125,0.250,0.155
28-Jan-14,-0.098,-0.299,-0.158,-0.177
27-Jan-14,-0.508,-0.727,-1.179,-1.217
24-Jan-14,-0.157,-0.349,-0.738,-0.696
23-Jan-14,-0.091,-0.151,-0.210,-0.218
22-Jan-14,-0.152,-0.137,-0.209,-0.199
21-Jan-14,-0.020,-0.013,0.000,0.000
20-Jan-14,0.000,-0.039,-0.097,-0.143
17-Jan-14,0.000,0.048,-0.032,-0.020
16-Jan-14,0.211,0.303,0.431,0.484
15-Jan-14,0.104,0.119,0.360,0.312
14-Jan-14,0.069,0.066,-0.026,-0.043
13-Jan-14,0.185,0.188,0.190,0.159
10-Jan-14,0.165,0.096,0.137,0.110
09-Jan-14,-0.026,-0.007,0.000,0.000
08-Jan-14,0.000,0.009,0.013,0.000
07-Jan-14,0.131,0.109,0.076,0.000
06-Jan-14,0.152,0.153,0.162,0.130
03-Jan-14,0.059,-0.019,0.000,-0.077
02-Jan-14,-0.025,0.000,-0.013,0.000
01-Jan-14,0.000,0.000,0.000,0.000
31-Dec-13,0.066,0.073,0.083,0.075
30-Dec-13,0.070,0.145,0.144,0.170
27-Dec-13,0.017,0.136,0.213,0.183
26-Dec-13,0.000,0.000,0.000,0.000
25-Dec-13,0.000,0.000,0.000,0.000
24-Dec-13,0.165,0.250,0.395,0.354
23-Dec-13,0.180,0.210,0.371,0.357
20-Dec-13,0.089,0.242,0.282,0.292
19-Dec-13,0.067,0.119,0.398,0.275
18-Dec-13,0.000,0.063,0.000,0.000
17-Dec-13,0.162,0.169,0.298,0.215
16-Dec-13,0.096,0.055,0.069,0.026
13-Dec-13,-0.008,-0.114,0.000,-0.011
12-Dec-13,-0.306,-0.273,-0.563,-0.400
11-Dec-13,0.081,0.079,0.006,0.000
10-Dec-13,0.096,0.159,0.194,0.173
09-Dec-13,0.086,0.139,0.219,0.210
06-Dec-13,-0.029,-0.041,0.000,-0.020
05-Dec-13,-0.073,-0.111,-0.143,-0.139
04-Dec-13,-0.111,-0.224,-0.312,-0.279
03-Dec-13,-0.255,-0.333,-0.497,-0.457
02-Dec-13,-0.228,-0.135,-0.265,-0.143
29-Nov-13,0.074,0.097,0.137,0.118
28-Nov-13,0.000,-0.011,0.000,0.000
27-Nov-13,-0.089,-0.097,-0.142,-0.160
26-Nov-13,0.042,0.102,0.047,0.000
25-Nov-13,0.183,0.138,0.276,0.226
22-Nov-13,-0.037,-0.065,-0.054,-0.018
21-Nov-13,-0.182,-0.192,-0.198,-0.209
20-Nov-13,-0.177,-0.203,-0.294,-0.285
19-Nov-13,0.042,0.051,-0.039,0.000
18-Nov-13,0.131,0.187,0.302,0.340
15-Nov-13,0.128,0.197,0.276,0.293
14-Nov-13,0.008,-0.095,0.016,0.000
13-Nov-13,-0.194,-0.174,-0.392,-0.216
12-Nov-13,0.095,0.197,0.280,0.320
11-Nov-13,-0.039,-0.039,0.205,0.020
08-Nov-13,-0.143,-0.169,-0.443,-0.367
07-Nov-13,0.000,0.000,-0.033,0.000
06-Nov-13,-0.093,-0.138,-0.040,-0.041
05-Nov-13,-0.252,-0.148,-0.293,-0.192
04-Nov-13,0.000,-0.044,0.025,0.000
01-Nov-13,-0.150,-0.156,-0.202,-0.151
31-Oct-13,-0.033,-0.041,-0.203,-0.208
30-Oct-13,0.223,0.276,0.454,0.443
29-Oct-13,0.191,0.214,0.270,0.303
28-Oct-13,0.075,0.039,0.069,0.056
25-Oct-13,-0.019,0.000,-0.017,-0.033
24-Oct-13,0.093,0.082,0.071,0.000
23-Oct-13,0.266,0.193,0.212,0.142
22-Oct-13,0.132,0.239,0.268,0.320
21-Oct-13,0.178,0.257,0.408,0.359
18-Oct-13,0.292,0.368,0.335,0.274
17-Oct-13,0.354,0.172,0.438,0.243
16-Oct-13,-0.132,0.009,-0.235,0.000
15-Oct-13,0.176,0.239,0.436,0.393
14-Oct-13,0.150,0.296,0.321,0.277
11-Oct-13,0.237,0.378,0.680,0.722
10-Oct-13,0.094,0.116,0.322,0.183
09-Oct-13,0.035,-0.013,-0.109,-0.086
08-Oct-13,-0.031,-0.144,-0.150,-0.145
07-Oct-13,-0.075,-0.100,-0.218,-0.138
04-Oct-13,0.123,0.155,0.205,0.191
03-Oct-13,0.066,0.070,0.098,0.102
02-Oct-13,0.000,0.000,0.000,0.000
01-Oct-13,-0.107,-0.255,-0.213,-0.237
30-Sep-13,-0.180,-0.276,-0.519,-0.612
27-Sep-13,-0.060,-0.067,-0.096,-0.091
26-Sep-13,0.045,-0.009,-0.061,-0.040
25-Sep-13,0.051,-0.052,-0.113,-0.156
24-Sep-13,0.061,-0.105,-0.120,-0.147
23-Sep-13,-0.179,-0.235,-0.364,-0.313
20-Sep-13,0.024,0.184,0.000,0.046
19-Sep-13,0.529,0.366,0.548,0.517
18-Sep-13,-0.090,-0.113,-0.114,-0.019
17-Sep-13,0.089,0.139,0.000,0.087
16-Sep-13,0.179,0.125,0.240,0.172
13-Sep-13,0.000,-0.039,-0.097,-0.154
12-Sep-13,0.077,0.069,0.000,0.000
11-Sep-13,0.075,0.198,0.251,0.212
10-Sep-13,0.182,0.250,0.585,0.556
09-Sep-13,0.000,0.058,0.077,0.101
06-Sep-13,0.022,0.153,0.198,0.214
05-Sep-13,0.000,0.027,0.299,0.223
04-Sep-13,-0.181,-0.105,-0.162,-0.047
03-Sep-13,0.036,0.093,0.156,0.118
02-Sep-13,0.000,0.017,0.070,0.027
30-Aug-13,0.000,0.055,0.038,0.065
29-Aug-13,0.000,-0.170,-0.017,-0.070
28-Aug-13,-0.105,-0.186,-0.471,-0.412
27-Aug-13,0.233,0.243,0.150,0.099
26-Aug-13,0.000,0.000,0.000,0.000
23-Aug-13,0.098,0.176,0.284,0.220
22-Aug-13,0.000,0.030,0.081,0.069
21-Aug-13,-0.098,-0.211,-0.162,-0.159
20-Aug-13,-0.167,-0.249,-0.418,-0.379
19-Aug-13,-0.145,-0.221,-0.077,-0.187
16-Aug-13,-0.348,-0.511,-0.728,-0.786
15-Aug-13,-0.353,-0.267,-0.643,-0.284
14-Aug-13,-0.087,0.042,0.087,0.096
13-Aug-13,0.094,0.130,0.253,0.280
12-Aug-13,0.073,0.113,0.119,0.152
09-Aug-13,0.043,0.050,0.077,0.050
08-Aug-13,-0.089,-0.251,-0.268,-0.207
07-Aug-13,-0.314,-0.335,-0.570,-0.544
06-Aug-13,-0.103,-0.118,-0.193,-0.174
05-Aug-13,0.000,0.033,-0.075,0.000
02-Aug-13,0.091,0.290,0.519,0.542
01-Aug-13,0.189,0.245,0.383,0.361
31-Jul-13,0.177,0.185,0.322,0.313
30-Jul-13,0.082,0.037,0.050,0.000
29-Jul-13,0.000,-0.025,-0.096,-0.151
26-Jul-13,-0.089,-0.197,-0.142,-0.245
25-Jul-13,-0.203,-0.169,-0.351,-0.175
24-Jul-13,0.008,0.087,0.129,0.138
23-Jul-13,0.026,0.059,0.095,0.091
22-Jul-13,0.008,0.009,-0.026,-0.054
19-Jul-13,0.072,0.170,0.166,0.080
18-Jul-13,0.266,0.073,0.249,0.087
17-Jul-13,-0.162,-0.166,-0.309,-0.243
16-Jul-13,0.087,0.084,0.078,0.070
15-Jul-13,0.115,0.203,0.223,0.293
12-Jul-13,0.280,0.355,0.473,0.383
11-Jul-13,0.178,0.101,0.194,0.069
10-Jul-13,0.138,0.207,0.073,0.072
09-Jul-13,0.282,0.337,0.612,0.477
08-Jul-13,0.172,0.377,0.276,0.269
05-Jul-13,0.632,0.742,1.325,1.106
04-Jul-13,0.097,-0.019,0.395,0.155
03-Jul-13,-0.181,-0.116,-0.385,-0.287
02-Jul-13,0.247,0.268,0.360,0.364
01-Jul-13,0.218,0.377,0.336,0.311
28-Jun-13,0.485,0.624,0.899,0.968
27-Jun-13,0.388,0.622,0.760,0.874
26-Jun-13,0.349,0.316,0.748,0.422
25-Jun-13,-0.298,-0.572,-0.340,-0.387
24-Jun-13,-0.764,-0.696,-1.063,-0.841
21-Jun-13,-0.442,-0.658,-0.566,-0.690
20-Jun-13,-0.559,-0.459,-0.915,-0.635
19-Jun-13,0.000,0.108,0.087,0.110
18-Jun-13,0.147,0.309,0.430,0.417
17-Jun-13,0.264,0.391,0.473,0.396
14-Jun-13,0.362,0.094,0.349,0.213
13-Jun-13,-0.291,-0.369,-0.786,-0.573
12-Jun-13,-0.198,-0.445,-0.318,-0.411
11-Jun-13,-0.517,-0.189,-0.384,-0.325
10-Jun-13,0.000,0.052,0.459,0.124
07-Jun-13,-0.357,-0.510,-0.682,-0.690
06-Jun-13,-0.359,-0.602,-0.844,-0.960
05-Jun-13,-0.380,-0.383,-0.667,-0.562
04-Jun-13,-0.092,-0.159,-0.167,-0.067
03-Jun-13,-0.371,-0.398,-0.508,-0.571
31-May-13,-0.272,-0.367,-0.424,-0.579
30-May-13,-0.187,-0.382,-0.488,-0.493
29-May-13,-0.264,0.000,-0.275,-0.090
28-May-13,0.103,0.049,0.315,0.160
27-May-13,0.000,0.000,0.000,0.000
24-May-13,-0.282,-0.468,-0.530,-0.479
23-May-13,-0.282,-0.208,-0.647,-0.600
22-May-13,0.189,0.257,0.392,0.397
21-May-13,0.173,0.250,0.338,0.374
20-May-13,0.064,0.087,0.298,0.180
17-May-13,0.106,0.085,0.015,0.000
16-May-13,0.116,0.221,0.287,0.194
15-May-13,0.182,0.264,0.626,0.581
14-May-13,0.088,0.123,0.229,0.264
13-May-13,-0.030,0.066,0.068,0.137
10-May-13,0.100,0.180,0.348,0.337
09-May-13,0.088,0.202,0.216,0.213
08-May-13,0.190,0.356,0.526,0.575
07-May-13,0.094,0.250,0.542,0.568
06-May-13,0.000,0.000,0.000,0.000
03-May-13,0.192,0.095,0.241,0.147
02-May-13,0.000,-0.052,-0.172,-0.170
01-May-13,0.036,0.120,0.122,0.135
30-Apr-13,0.171,0.162,0.268,0.247
29-Apr-13,0.014,-0.044,0.000,-0.052
26-Apr-13,0.000,0.021,-0.023,0.000
25-Apr-13,0.106,0.224,0.240,0.146
24-Apr-13,0.095,0.220,0.497,0.529
23-Apr-13,0.190,0.280,0.265,0.205
22-Apr-13,0.326,0.252,0.503,0.324
19-Apr-13,-0.090,-0.133,-0.253,-0.286
18-Apr-13,0.009,0.025,-0.183,-0.101
17-Apr-13,0.000,-0.090,0.000,-0.056
16-Apr-13,-0.092,-0.298,-0.461,-0.471
15-Apr-13,-0.140,-0.214,-0.376,-0.442
12-Apr-13,0.145,0.211,0.014,0.055
11-Apr-13,0.208,0.408,0.608,0.547
10-Apr-13,0.187,0.253,0.457,0.379
09-Apr-13,0.042,0.100,0.170,0.147
08-Apr-13,0.095,-0.204,-0.149,-0.176
05-Apr-13,-0.288,-0.439,-0.891,-0.745
04-Apr-13,0.089,0.000,-0.264,-0.093
03-Apr-13,0.089,0.129,0.202,0.154
02-Apr-13,0.063,0.150,0.113,0.047
01-Apr-13,0.000,0.000,0.000,0.000
29-Mar-13,0.000,0.000,0.000,0.000
28-Mar-13,0.117,0.112,0.247,0.187
27-Mar-13,0.038,-0.027,0.000,0.000
26-Mar-13,0.040,0.080,-0.139,0.000
25-Mar-13,0.132,0.106,0.256,0.157
22-Mar-13,0.000,-0.117,-0.139,-0.220
21-Mar-13,-0.176,-0.159,-0.280,-0.246
20-Mar-13,-0.012,0.000,-0.071,-0.037
19-Mar-13,0.054,-0.039,0.000,-0.059
18-Mar-13,0.000,-0.136,-0.295,-0.349
15-Mar-13,-0.025,-0.049,-0.123,-0.149
14-Mar-13,0.000,-0.047,0.155,0.000
13-Mar-13,-0.159,-0.115,-0.316,-0.265
12-Mar-13,0.240,0.274,0.252,0.207
11-Mar-13,0.196,0.257,0.457,0.452
08-Mar-13,0.000,0.077,0.159,0.221
07-Mar-13,0.171,0.271,0.246,0.328
06-Mar-13,0.191,0.381,0.670,0.613
05-Mar-13,0.000,0.050,0.160,0.095
04-Mar-13,0.116,0.124,0.124,0.000
01-Mar-13,0.265,0.356,0.365,0.469
28-Feb-13,0.154,0.224,0.481,0.461
27-Feb-13,0.119,-0.110,0.011,0.000
26-Feb-13,-0.067,-0.170,-0.594,-0.363
25-Feb-13,0.235,0.295,0.573,0.500
22-Feb-13,0.073,-0.183,0.042,0.000
21-Feb-13,0.000,-0.035,-0.458,-0.303
20-Feb-13,0.337,0.402,0.790,0.686
19-Feb-13,0.089,0.059,0.178,0.136
18-Feb-13,0.000,0.032,0.000,0.000
15-Feb-13,0.096,0.089,0.123,0.093
14-Feb-13,0.090,0.166,0.125,0.163
13-Feb-13,0.083,0.191,0.425,0.394
12-Feb-13,0.133,0.152,0.215,0.218
11-Feb-13,0.034,0.058,0.147,0.136
08-Feb-13,-0.061,-0.154,-0.230,-0.258
07-Feb-13,-0.089,0.088,0.000,0.000
06-Feb-13,0.086,0.084,0.312,0.130
05-Feb-13,-0.052,0.000,-0.243,0.000
04-Feb-13,0.066,0.176,0.320,0.296
01-Feb-13,0.000,-0.092,0.000,0.000
31-Jan-13,-0.095,-0.110,-0.297,-0.240
30-Jan-13,0.000,0.021,0.180,0.113
29-Jan-13,0.000,0.017,0.022,0.042
28-Jan-13,0.026,0.191,0.278,0.321
25-Jan-13,0.097,0.206,0.374,0.341
24-Jan-13,0.131,0.110,0.185,0.113
23-Jan-13,0.088,0.089,0.117,0.148
22-Jan-13,0.076,0.090,0.133,0.139
21-Jan-13,0.146,0.270,0.247,0.262
18-Jan-13,0.218,0.324,0.555,0.552
17-Jan-13,0.040,0.010,0.135,0.077
16-Jan-13,0.000,-0.022,-0.051,0.000
15-Jan-13,0.059,0.107,0.000,0.000
14-Jan-13,0.135,0.163,0.235,0.227
11-Jan-13,0.077,0.158,0.153,0.182
10-Jan-13,0.131,0.176,0.265,0.273
09-Jan-13,0.147,0.098,0.055,0.000
08-Jan-13,0.136,0.105,0.071,0.000
07-Jan-13,0.151,0.175,0.226,0.190
04-Jan-13,0.028,0.243,0.357,0.429
03-Jan-13,0.100,0.437,0.653,0.791
02-Jan-13,0.025,0.130,0.635,0.479
01-Jan-13,0.000,0.000,0.000,0.000
31-Dec-12,-0.089,-0.146,-0.262,-0.228
28-Dec-12,0.132,0.082,0.000,0.020
27-Dec-12,0.071,0.116,0.146,0.117
26-Dec-12,0.000,0.000,0.000,0.000
25-Dec-12,0.000,0.000,0.000,0.000
24-Dec-12,0.098,0.027,0.027,0.000
21-Dec-12,0.000,0.000,-0.060,-0.083
20-Dec-12,0.108,0.140,0.154,0.108
19-Dec-12,0.000,0.182,0.304,0.332
18-Dec-12,0.080,0.090,0.283,0.132
17-Dec-12,-0.117,-0.117,-0.248,-0.220
14-Dec-12,-0.035,0.000,0.000,0.016
13-Dec-12,0.018,0.064,0.050,0.000
12-Dec-12,0.013,0.083,0.135,0.183
11-Dec-12,0.000,0.044,0.155,0.141
10-Dec-12,0.018,0.072,0.041,0.070
07-Dec-12,0.157,0.185,0.212,0.234
06-Dec-12,0.120,0.108,0.174,0.126
05-Dec-12,-0.025,-0.057,0.000,0.000
04-Dec-12,-0.089,-0.064,-0.122,-0.093
03-Dec-12,0.012,0.098,0.123,0.084
30-Nov-12,0.196,0.325,0.396,0.419
29-Nov-12,0.209,0.201,0.587,0.315
28-Nov-12,0.068,0.033,-0.030,0.000
27-Nov-12,0.000,0.062,0.068,0.080
26-Nov-12,0.095,0.150,0.165,0.152
23-Nov-12,0.173,0.245,0.295,0.310
22-Nov-12,0.088,0.146,0.262,0.192
21-Nov-12,0.000,0.170,0.208,0.237
20-Nov-12,0.071,0.208,0.463,0.401
19-Nov-12,-0.035,-0.041,0.081,0.074
16-Nov-12,-0.177,-0.281,-0.366,-0.417
15-Nov-12,-0.162,-0.148,-0.421,-0.375
14-Nov-12,0.035,-0.029,0.092,0.000
13-Nov-12,-0.134,-0.128,-0.282,-0.217
12-Nov-12,0.042,-0.036,0.075,0.000
09-Nov-12,-0.065,-0.353,-0.547,-0.545
08-Nov-12,-0.111,-0.154,-0.668,-0.423
07-Nov-12,0.182,0.246,0.367,0.313
06-Nov-12,0.101,0.089,0.211,0.086
05-Nov-12,0.099,0.127,0.000,0.000
02-Nov-12,0.076,0.119,0.333,0.341
01-Nov-12,-0.053,-0.018,-0.103,-0.041
31-Oct-12,0.030,0.123,0.157,0.179
30-Oct-12,0.112,0.131,0.248,0.191
29-Oct-12,0.069,0.000,0.000,0.000
26-Oct-12,-0.074,-0.094,-0.256,-0.231
25-Oct-12,-0.178,-0.200,-0.193,-0.211
24-Oct-12,-0.098,-0.297,-0.414,-0.438
23-Oct-12,-0.095,-0.184,-0.384,-0.373
22-Oct-12,-0.057,-0.066,-0.130,-0.065
19-Oct-12,0.098,0.148,0.156,0.141
18-Oct-12,0.095,0.194,0.279,0.326
17-Oct-12,0.037,0.188,0.368,0.409
16-Oct-12,0.000,0.117,0.171,0.164
15-Oct-12,0.094,0.071,0.064,0.018
12-Oct-12,0.051,0.030,0.034,0.000
11-Oct-12,-0.015,-0.128,-0.086,-0.084
10-Oct-12,-0.117,-0.185,-0.390,-0.328
09-Oct-12,0.000,0.000,-0.036,0.000
08-Oct-12,0.054,0.111,0.088,0.117
05-Oct-12,0.000,0.110,0.194,0.229
04-Oct-12,0.136,0.123,0.196,0.123
03-Oct-12,0.133,0.163,0.055,0.057
02-Oct-12,0.097,0.163,0.243,0.243
01-Oct-12,0.059,0.094,0.192,0.240
28-Sep-12,0.052,0.032,0.084,0.084
27-Sep-12,-0.046,-0.149,-0.239,-0.164
26-Sep-12,-0.037,-0.081,-0.314,-0.211
25-Sep-12,0.054,0.000,0.000,0.000
24-Sep-12,-0.013,-0.048,-0.095,-0.062
21-Sep-12,0.000,-0.018,-0.083,-0.054
20-Sep-12,0.073,0.053,0.000,0.000
19-Sep-12,0.076,0.036,0.110,0.075
18-Sep-12,-0.020,-0.096,-0.316,-0.190
17-Sep-12,0.092,0.214,0.138,0.138
14-Sep-12,0.166,0.331,0.778,0.648
13-Sep-12,0.000,0.099,0.088,0.066
12-Sep-12,-0.027,0.000,0.083,0.009
11-Sep-12,-0.014,-0.034,-0.150,-0.055
10-Sep-12,0.148,0.309,0.316,0.169
07-Sep-12,0.077,0.343,0.768,0.651
06-Sep-12,0.000,0.018,0.177,0.083
05-Sep-12,-0.089,-0.145,-0.229,-0.213
04-Sep-12,0.000,-0.010,-0.087,-0.010
03-Sep-12,0.028,0.046,0.025,0.026
31-Aug-12,0.000,-0.030,-0.022,-0.048
30-Aug-12,-0.060,-0.101,-0.183,-0.203
29-Aug-12,-0.010,-0.018,-0.126,-0.133
28-Aug-12,0.092,0.000,0.000,0.000
27-Aug-12,0.000,0.000,0.000,0.000
24-Aug-12,0.077,-0.026,-0.139,-0.096
23-Aug-12,0.059,-0.041,-0.080,-0.070
22-Aug-12,-0.091,-0.105,-0.319,-0.174
21-Aug-12,0.023,0.000,0.000,0.000
20-Aug-12,0.059,0.125,0.086,0.103
17-Aug-12,0.062,0.097,0.285,0.233
16-Aug-12,-0.148,-0.079,-0.084,-0.029
15-Aug-12,-0.098,0.000,-0.010,0.000
14-Aug-12,0.077,0.033,0.088,0.005
13-Aug-12,-0.070,-0.026,-0.039,-0.067
10-Aug-12,0.092,0.095,0.083,0.076
09-Aug-12,0.069,0.122,0.240,0.214
08-Aug-12,0.000,0.079,0.171,0.086
07-Aug-12,0.074,0.197,0.168,0.119
06-Aug-12,0.211,0.305,0.697,0.375
03-Aug-12,0.042,0.089,-0.010,-0.033
02-Aug-12,0.140,0.134,0.284,0.107
01-Aug-12,0.078,0.116,0.083,0.058
31-Jul-12,0.293,0.445,0.430,0.548
30-Jul-12,0.188,0.457,0.798,0.773
27-Jul-12,0.054,0.233,0.462,0.395
26-Jul-12,0.009,0.000,0.083,0.000
25-Jul-12,-0.132,-0.237,-0.294,-0.293
24-Jul-12,-0.250,-0.449,-0.576,-0.490
23-Jul-12,-0.009,-0.213,-0.618,-0.392
20-Jul-12,0.061,0.096,0.031,0.052
19-Jul-12,0.149,0.251,0.523,0.237
18-Jul-12,0.146,0.035,0.083,0.000
17-Jul-12,0.000,0.065,-0.131,0.000
16-Jul-12,0.119,0.214,0.264,0.201
13-Jul-12,0.137,0.060,0.245,0.000
12-Jul-12,0.000,-0.116,-0.369,-0.377
11-Jul-12,0.000,-0.036,-0.190,-0.152
10-Jul-12,0.000,-0.042,0.019,0.000
09-Jul-12,0.028,-0.151,-0.362,-0.327
06-Jul-12,0.068,0.055,-0.105,0.000
05-Jul-12,0.212,0.274,0.389,0.419
04-Jul-12,0.194,0.366,0.408,0.510
03-Jul-12,0.292,0.460,0.581,0.642
02-Jul-12,0.212,0.501,0.808,0.851
29-Jun-12,0.188,0.333,0.631,0.594
28-Jun-12,0.205,0.249,0.341,0.347
27-Jun-12,0.000,0.012,0.127,0.000
26-Jun-12,-0.178,-0.248,-0.506,-0.416
25-Jun-12,-0.039,-0.233,-0.355,-0.340
22-Jun-12,0.000,-0.105,-0.494,-0.299
21-Jun-12,0.075,0.176,0.092,0.041
20-Jun-12,0.095,0.270,0.545,0.364
19-Jun-12,0.140,0.193,0.268,0.247
18-Jun-12,0.228,0.260,0.208,0.141
15-Jun-12,0.220,0.185,0.413,0.270
14-Jun-12,-0.008,-0.019,-0.095,0.000
13-Jun-12,-0.152,-0.188,-0.074,-0.038
12-Jun-12,-0.016,0.000,-0.199,-0.087
11-Jun-12,0.079,0.092,0.377,0.071
08-Jun-12,0.148,0.197,0.047,0.067
07-Jun-12,0.106,0.233,0.796,0.429
06-Jun-12,-0.144,-0.238,-0.276,-0.281
05-Jun-12,0.000,0.000,0.000,0.000
04-Jun-12,0.000,0.000,0.000,0.000
01-Jun-12,0.191,0.110,-0.069,-0.049
31-May-12,0.184,0.000,0.069,0.056
30-May-12,0.000,0.000,0.000,0.020
29-May-12,0.079,0.183,0.112,0.226
28-May-12,0.063,0.068,0.239,0.094
25-May-12,-0.040,0.000,-0.047,0.049
24-May-12,0.096,0.000,0.148,0.000
23-May-12,0.054,0.049,-0.169,-0.007
22-May-12,0.058,0.145,0.461,0.286
21-May-12,-0.180,-0.291,-0.272,-0.188
18-May-12,-0.087,-0.232,-0.543,-0.431
17-May-12,-0.075,-0.228,-0.204,-0.058
16-May-12,-0.197,-0.300,-0.533,-0.500
15-May-12,-0.055,-0.218,-0.299,-0.288
14-May-12,0.000,-0.051,-0.265,-0.319
11-May-12,0.000,0.018,0.021,0.007
10-May-12,-0.134,-0.275,-0.178,-0.170
09-May-12,-0.286,-0.660,-1.090,-1.163
08-May-12,-0.143,-0.449,-0.891,-0.902
07-May-12,0.000,0.000,0.000,0.000
04-May-12,-0.077,-0.127,-0.393,-0.297
03-May-12,0.095,0.124,0.162,0.085
02-May-12,0.093,0.105,0.165,0.138
01-May-12,0.081,0.087,0.039,0.020
30-Apr-12,0.038,0.105,0.143,0.167
27-Apr-12,0.106,0.150,0.246,0.174
26-Apr-12,0.029,0.175,0.168,0.163
25-Apr-12,0.162,0.192,0.393,0.247
24-Apr-12,-0.086,-0.274,-0.291,-0.384
23-Apr-12,-0.110,-0.263,-0.509,-0.481
20-Apr-12,-0.100,-0.103,-0.229,-0.182
19-Apr-12,0.000,0.097,0.170,0.062
18-Apr-12,0.000,0.061,0.257,0.129
17-Apr-12,-0.113,-0.147,-0.090,-0.167
16-Apr-12,0.016,0.058,-0.064,0.000
13-Apr-12,0.282,0.290,0.636,0.499
12-Apr-12,-0.071,-0.139,0.000,0.000
11-Apr-12,-0.149,-0.364,-0.616,-0.713
10-Apr-12,-0.120,-0.369,-0.449,-0.507
09-Apr-12,0.000,0.000,0.000,0.000
06-Apr-12,0.000,0.000,0.000,0.000
05-Apr-12,-0.207,-0.476,-0.750,-0.630
04-Apr-12,-0.095,-0.105,-0.508,-0.166
03-Apr-12,0.190,0.224,0.708,0.413
02-Apr-12,-0.110,-0.094,-0.094,-0.061
30-Mar-12,-0.047,-0.305,-0.234,-0.396
29-Mar-12,-0.135,-0.276,-0.592,-0.481
28-Mar-12,0.013,0.073,-0.093,0.000
27-Mar-12,0.188,0.278,0.478,0.404
26-Mar-12,0.000,0.043,0.214,0.034
23-Mar-12,0.000,-0.149,-0.250,-0.248
22-Mar-12,0.000,-0.050,-0.199,-0.173
21-Mar-12,0.000,-0.096,-0.058,-0.122
20-Mar-12,-0.150,-0.153,-0.286,-0.292
19-Mar-12,0.000,-0.042,-0.168,-0.148
16-Mar-12,-0.077,-0.094,0.000,0.000
15-Mar-12,-0.237,-0.013,-0.081,0.000
14-Mar-12,-0.077,0.189,0.374,0.423
13-Mar-12,0.195,0.265,0.417,0.354
12-Mar-12,0.227,0.295,0.444,0.482
09-Mar-12,0.115,0.360,0.488,0.529
08-Mar-12,0.118,0.206,0.558,0.319
07-Mar-12,-0.062,-0.353,-0.471,-0.505
06-Mar-12,-0.235,-0.292,-0.597,-0.472
05-Mar-12,0.095,0.075,-0.021,-0.039
02-Mar-12,0.008,0.060,0.137,0.082
01-Mar-12,-0.090,-0.087,-0.205,-0.097
29-Feb-12,0.000,0.090,0.117,0.162
28-Feb-12,0.187,0.047,0.270,0.131
27-Feb-12,0.000,-0.054,-0.331,-0.181
24-Feb-12,0.191,0.185,0.179,0.112
23-Feb-12,0.207,0.194,0.276,0.220
22-Feb-12,0.188,0.093,0.131,0.111
21-Feb-12,0.014,0.130,0.000,0.075
20-Feb-12,0.057,0.271,0.445,0.474
17-Feb-12,-0.091,-0.056,0.169,0.033
16-Feb-12,-0.128,-0.092,-0.295,-0.118
15-Feb-12,0.112,0.185,0.248,0.285
14-Feb-12,0.149,0.200,0.262,0.278
13-Feb-12,0.088,0.056,0.107,0.007
10-Feb-12,-0.009,-0.009,-0.078,0.000
09-Feb-12,0.109,0.161,0.179,0.166
08-Feb-12,0.000,0.045,0.123,0.146
07-Feb-12,0.042,0.093,0.000,0.000
06-Feb-12,0.122,0.292,0.536,0.456
03-Feb-12,0.149,0.217,0.355,0.384
02-Feb-12,0.031,0.229,0.375,0.385
01-Feb-12,0.198,0.188,0.354,0.204
31-Jan-12,0.027,-0.152,-0.021,-0.148
30-Jan-12,0.038,-0.104,-0.411,-0.267
27-Jan-12,0.138,0.238,0.092,0.188
26-Jan-12,0.400,0.260,0.476,0.282
25-Jan-12,-0.038,-0.106,-0.110,-0.099
24-Jan-12,-0.084,-0.076,-0.173,-0.122
23-Jan-12,-0.010,0.065,0.090,0.125
20-Jan-12,-0.011,0.088,0.183,0.207
19-Jan-12,0.008,0.195,0.268,0.291
18-Jan-12,0.217,0.301,0.361,0.353
17-Jan-12,0.096,0.096,0.315,0.203
16-Jan-12,0.009,0.000,-0.155,0.000
13-Jan-12,0.137,0.184,0.133,0.252
12-Jan-12,0.287,0.253,0.433,0.448
11-Jan-12,0.104,0.252,0.340,0.427
10-Jan-12,0.134,0.168,0.283,0.235
09-Jan-12,0.061,0.074,0.051,0.038
06-Jan-12,0.014,-0.047,0.037,0.000
05-Jan-12,-0.070,0.053,-0.227,0.000
04-Jan-12,0.227,0.396,0.599,0.575
03-Jan-12,0.151,0.275,0.535,0.418
02-Jan-12,0.000,0.000,0.000,0.000
,,,,
,,,,
,,,,
,,,,
,,,,
,,,,
,,,,
,,,,
,,,,
,,,,
,,,,
,,,,
,,,,
,,,,
,,,,
,,,,
,,,,
,,,,
,,,,
,,,,
,,,,
,,,,
,,,,
,,,,
,,,,
,,,,
,,,,
,,,,
,,,,
,,,,
,,,,
,,,,
,,,,
,,,,
,,,,
,,,,
,,,,
,,,,
,,,,
,,,,
,,,,
,,,,
,,,,
,,,,
,,,,
,,,,
,,,,
,,,,
,,,,
,,,,
,,,,
,,,,
,,,,
,,,,
,,,,
,,,,
,,,,
,,,,
,,,,
,,,,
,,,,
,,,,
,,,,
,,,,
,,,,
,,,,
,,,,
,,,,
,,,,
,,,,
,,,,
,,,,
,,,,
,,,,
,,,,
,,,,
,,,,
,,,,
,,,,
,,,,
,,,,
,,,,
,,,,
,,,,
,,,,
,,,,
,,,,
,,,,
,,,,
,,,,
,,,,
,,,,
,,,,
,,,,
,,,,
,,,,
,,,,
,,,,
,,,,
,,,,
,,,,
,,,,
,,,,
,,,,
,,,,
,,,,
,,,,
,,,,
,,,,
,,,,
,,,,
,,,,
,,,,
,,,,
,,,,
,,,,
,,,,
,,,,
,,,,
,,,,
,,,,
,,,,
,,,,
,,,,
,,,,
,,,,
,,,,
,,,,
,,,,
,,,,
,,,,
,,,,
,,,,
,,,,
,,,,
,,,,
,,,,
,,,,
,,,,
,,,,
,,,,
,,,,
,,,,
,,,,
,,,,
,,,,
,,,,
,,,,
,,,,
,,,,
,,,,
,,,,
,,,,
,,,,
,,,,
,,,,
,,,,
,,,,
,,,,
,,,,
,,,,
,,,,
,,,,
,,,,
,,,,
,,,,
,,,,
,,,,
,,,,
,,,,
,,,,
,,,,
,,,,
,,,,
,,,,
