Date,IMA35Med,IMA60Med,IMA85Med,IMAfMed,IMA35Avg,IMA60Avg,IMA85Avg,IMAfAvg
30-Apr-15,-0.415,-0.402,-0.7,-0.74,-0.355,-0.41,-0.646,-0.659
29-Apr-15,-0.271,-0.365,-0.4,-0.465,-0.295,-0.369,-0.434,-0.468
28-Apr-15,-0.173,-0.148,-0.355,-0.295,-0.193,-0.202,-0.365,-0.366
27-Apr-15,0.099,0.148,0.148,0.11,0.139,0.168,0.149,0.106
24-Apr-15,0,0,0.083,0.03,-0.035,-0.009,0.055,0.049
23-Apr-15,-0.141,-0.076,0,0,-0.114,-0.07,-0.051,-0.01
22-Apr-15,-0.143,-0.088,-0.161,-0.171,-0.143,-0.09,-0.174,-0.139
21-Apr-15,0.09,0.135,0.248,0.167,0.085,0.164,0.27,0.24
20-Apr-15,-0.068,-0.181,-0.15,-0.158,-0.071,-0.182,-0.212,-0.233
17-Apr-15,-0.287,-0.366,-0.588,-0.581,-0.295,-0.388,-0.563,-0.6
16-Apr-15,-0.196,-0.182,-0.282,-0.303,-0.2,-0.157,-0.263,-0.271
15-Apr-15,0.027,0,-0.038,-0.092,0.021,-0.008,0.015,0.004
14-Apr-15,0.034,0.039,0,0,0.061,0.014,-0.025,-0.088
13-Apr-15,0.13,0.221,0.335,0.306,0.114,0.239,0.347,0.393
10-Apr-15,0.258,0.396,0.642,0.778,0.259,0.398,0.645,0.768
9-Apr-15,0.239,0.299,0.396,0.463,0.226,0.325,0.418,0.507
8-Apr-15,0.201,0.289,0.449,0.381,0.225,0.338,0.421,0.45
7-Apr-15,0.157,0.246,0.535,0.517,0.141,0.281,0.476,0.503
6-Apr-15,0,0,0,0,0,0,0.001,-0.007
3-Apr-15,0,0,0,0,0,0.002,0.006,0
2-Apr-15,0.108,0.082,0.07,0.06,0.111,0.116,0.097,0.098
1-Apr-15,0.058,0,0,0,0.055,0.012,-0.042,0.024
31-Mar-15,0.014,0.037,0,0.035,-0.033,-0.005,0.014,0.067
30-Mar-15,0.199,0.154,0.288,0.308,0.172,0.195,0.275,0.369
27-Mar-15,-0.14,-0.278,-0.139,-0.128,-0.205,-0.322,-0.342,-0.288
26-Mar-15,-0.411,-0.45,-0.896,-0.577,-0.449,-0.523,-0.848,-0.785
25-Mar-15,0,0.031,-0.097,0,0.039,0.039,-0.04,-0.054
24-Mar-15,0.118,0.154,0.199,0.178,0.12,0.163,0.204,0.198
23-Mar-15,0.181,0.193,0.218,0.174,0.159,0.176,0.232,0.204
20-Mar-15,0.225,0.303,0.329,0.322,0.218,0.32,0.33,0.341
19-Mar-15,0.181,0.259,0.333,0.201,0.235,0.29,0.365,0.245
18-Mar-15,0.285,0.316,0.488,0.51,0.317,0.347,0.522,0.531
17-Mar-15,0.168,0.245,0.357,0.318,0.193,0.236,0.37,0.342
16-Mar-15,0.203,0.24,0.285,0.295,0.167,0.23,0.3,0.304
13-Mar-15,0.282,0.472,0.608,0.725,0.256,0.415,0.574,0.641
12-Mar-15,0.4,0.294,0.543,0.39,0.324,0.238,0.413,0.334
11-Mar-15,-0.11,-0.344,-0.539,-0.479,-0.106,-0.311,-0.514,-0.419
10-Mar-15,-0.167,-0.315,-0.445,-0.479,-0.153,-0.322,-0.425,-0.426
9-Mar-15,-0.32,-0.24,-0.414,-0.217,-0.289,-0.219,-0.346,-0.26
6-Mar-15,0.231,0.288,0.385,0.393,0.208,0.271,0.369,0.363
5-Mar-15,0.195,0.109,0.387,0.174,0.143,0.088,0.23,0.17
4-Mar-15,-0.201,-0.231,-0.369,-0.21,-0.219,-0.241,-0.325,-0.207
3-Mar-15,-0.086,0.005,0.034,0.076,-0.174,-0.077,0.004,0.057
2-Mar-15,0.08,0.132,0.139,0.142,0.069,0.145,0.15,0.152
27-Feb-15,0.04,0.061,0.085,0.112,0.018,0.034,0.106,0.187
26-Feb-15,0.168,0.15,0.148,0.149,0.158,0.167,0.158,0.176
25-Feb-15,0.167,0.103,0.129,0.009,0.157,0.118,0.102,0.042
24-Feb-15,0.047,0.069,0.017,0.018,0.062,0.068,0.029,0.019
23-Feb-15,0.123,0.142,0.234,0.216,0.114,0.152,0.224,0.217
20-Feb-15,0.087,0.124,0.189,0.2,0.059,0.119,0.196,0.196
19-Feb-15,0.07,0.082,0.104,0.096,0.036,0.068,0.09,0.112
18-Feb-15,-0.052,-0.001,0.093,0.052,-0.079,-0.025,0.101,0.099
17-Feb-15,0.038,0.055,0.062,0.076,0.012,0.048,0.07,0.075
16-Feb-15,0.091,0.184,0.178,0.214,0.087,0.165,0.226,0.256
13-Feb-15,0.186,0.234,0.397,0.398,0.187,0.242,0.387,0.409
12-Feb-15,0,0.008,0.11,0.047,-0.052,0.02,0.125,0.097
11-Feb-15,-0.088,0,0,0,-0.073,-0.027,-0.003,-0.027
10-Feb-15,-0.112,-0.129,-0.053,-0.078,-0.123,-0.134,-0.051,-0.07
9-Feb-15,-0.173,-0.167,-0.235,-0.115,-0.202,-0.169,-0.211,-0.124
6-Feb-15,-0.088,-0.049,-0.036,-0.049,-0.106,-0.048,-0.033,-0.059
5-Feb-15,-0.088,-0.084,-0.074,-0.028,-0.089,-0.096,-0.107,-0.078
4-Feb-15,-0.059,0.074,0,0,-0.087,0.066,0.094,0.065
3-Feb-15,0.084,0.162,0.445,0.338,0.101,0.172,0.379,0.324
2-Feb-15,0,0,-0.133,-0.066,0.03,0.008,-0.126,-0.116
30-Jan-15,0.052,0.014,0.052,0,0.05,0.029,0.046,0.04
29-Jan-15,0.066,-0.092,-0.157,-0.197,0.067,-0.068,-0.14,-0.185
28-Jan-15,-0.157,-0.171,-0.347,-0.348,-0.152,-0.21,-0.341,-0.355
27-Jan-15,-0.026,0,0,-0.027,-0.025,-0.026,-0.056,-0.107
26-Jan-15,0.086,0.162,0.015,0.02,0.156,0.225,0.194,0.211
23-Jan-15,0.62,0.649,0.926,0.936,0.568,0.718,0.93,1.051
22-Jan-15,0.166,0.18,0.37,0.32,0.122,0.193,0.407,0.371
21-Jan-15,0.26,0.304,0.338,0.338,0.222,0.309,0.389,0.322
20-Jan-15,0.251,0.396,0.529,0.489,0.273,0.388,0.51,0.478
19-Jan-15,0.267,0.396,0.592,0.456,0.236,0.385,0.557,0.413
16-Jan-15,0.262,0.037,0.226,0,0.164,0.123,0.214,0.092
15-Jan-15,-0.135,-0.276,-0.486,-0.392,-0.137,-0.265,-0.449,-0.316
14-Jan-15,-0.119,-0.174,-0.429,-0.318,-0.109,-0.199,-0.378,-0.336
13-Jan-15,0.105,0.028,0.031,0,0.12,0.07,0.035,-0.019
12-Jan-15,0.082,0.038,-0.022,0,0.079,0.052,-0.043,0.011
9-Jan-15,0.176,0.339,0.457,0.487,0.197,0.317,0.44,0.447
8-Jan-15,0.341,0.4,0.801,0.631,0.272,0.444,0.729,0.702
7-Jan-15,0.052,-0.134,-0.18,-0.081,0.01,-0.133,-0.186,-0.209
6-Jan-15,-0.026,-0.22,-0.604,-0.335,-0.043,-0.241,-0.578,-0.458
5-Jan-15,0.077,0.108,0.146,0.2,0.09,0.068,0.086,0.138
2-Jan-15,0.063,0,0,0,0.122,0.06,0.043,0.061
1-Jan-15,0,0,0,0,0,0,0,0
31-Dec-14,0,-0.097,-0.228,-0.205,-0.032,-0.086,-0.219,-0.207
30-Dec-14,0,0,-0.053,-0.042,-0.003,-0.05,-0.09,0.009
29-Dec-14,0.072,0.071,0.085,0.097,0.092,0.104,0.115,0.17
26-Dec-14,0,0,0,0,0,0,-0.001,-0.003
25-Dec-14,0,0,0,0,0,0,0,0
24-Dec-14,0,0.077,0.163,0.156,-0.005,0.088,0.196,0.243
23-Dec-14,0.275,0.34,0.357,0.372,0.285,0.342,0.387,0.384
22-Dec-14,0.449,0.591,0.77,0.773,0.421,0.575,0.767,0.72
19-Dec-14,0.415,0.731,1.063,1.13,0.369,0.706,1.037,1.031
18-Dec-14,0.389,0.542,1.029,0.921,0.347,0.587,0.957,0.925
17-Dec-14,-0.089,-0.207,0,-0.08,-0.138,-0.212,-0.144,-0.261
16-Dec-14,-0.316,-0.536,-0.861,-0.863,-0.318,-0.558,-0.84,-0.911
15-Dec-14,-0.199,-0.39,-0.537,-0.515,-0.199,-0.387,-0.554,-0.611
12-Dec-14,-0.321,-0.442,-0.617,-0.607,-0.302,-0.453,-0.602,-0.609
11-Dec-14,-0.245,-0.401,-0.623,-0.632,-0.213,-0.378,-0.61,-0.605
10-Dec-14,-0.206,-0.363,-0.487,-0.495,-0.222,-0.356,-0.514,-0.493
9-Dec-14,-0.11,-0.21,-0.485,-0.415,-0.127,-0.249,-0.477,-0.478
8-Dec-14,-0.079,0,0,0,-0.057,-0.03,0.011,-0.006
5-Dec-14,0.025,0.067,0.079,0.069,0.023,0.071,0.103,0.113
4-Dec-14,0.059,0.071,0.091,0.096,0.036,0.068,0.113,0.116
3-Dec-14,-0.008,0.014,0.079,0.072,-0.057,0.019,0.088,0.09
2-Dec-14,-0.028,-0.028,0.031,0,-0.04,-0.012,0.029,-0.042
1-Dec-14,-0.06,-0.091,-0.133,-0.111,-0.005,-0.108,-0.177,-0.204
28-Nov-14,0.059,0.077,0.064,0.088,0.035,0.078,0.036,0.139
27-Nov-14,0.082,0.046,0.029,0,0.129,0.04,0.045,0.01
26-Nov-14,0.085,0.085,0.036,0,0.055,0.07,0.048,0.031
25-Nov-14,0.161,0.163,0.206,0.179,0.146,0.173,0.2,0.189
24-Nov-14,0.182,0.267,0.334,0.334,0.193,0.265,0.366,0.361
21-Nov-14,0.233,0.189,0.432,0.361,0.173,0.222,0.362,0.372
20-Nov-14,-0.061,-0.085,-0.221,-0.145,-0.063,-0.102,-0.196,-0.142
19-Nov-14,0.016,0.093,0.171,0.14,0.062,0.121,0.184,0.191
18-Nov-14,0.084,0.1,0.271,0.111,0.06,0.121,0.255,0.161
17-Nov-14,0.112,0.076,0.067,0,0.109,0.061,0.061,0.008
14-Nov-14,0.125,0.159,0.155,0.263,0.14,0.144,0.193,0.33
13-Nov-14,0.167,0.17,0.346,0.317,0.137,0.183,0.31,0.358
12-Nov-14,0.083,0.102,0.016,0.068,0.06,0.091,0.067,0.062
11-Nov-14,0.086,0.121,0.268,0.22,0.071,0.124,0.241,0.255
10-Nov-14,0.133,0.153,0.088,0.088,0.133,0.133,0.099,0.127
7-Nov-14,0.139,0.159,0.308,0.222,0.136,0.184,0.319,0.266
6-Nov-14,0.039,0.092,0.111,0.041,0.022,0.079,0.116,0.027
5-Nov-14,0.085,0.077,0.14,0.135,0.09,0.095,0.125,0.179
4-Nov-14,0,0,-0.018,0,0.016,-0.008,-0.021,-0.028
3-Nov-14,0.018,0.236,0.205,0.207,0.138,0.311,0.332,0.417
31-Oct-14,0.378,0.522,1.054,0.914,0.42,0.493,0.89,0.901
30-Oct-14,0.088,0.145,0.064,0.206,0.093,0.136,0.139,0.317
29-Oct-14,0.172,0.257,0.499,0.423,0.169,0.296,0.489,0.554
28-Oct-14,0.021,0.019,0.07,0.041,0.039,0.056,0.109,0.122
27-Oct-14,0,0,0,0,0.011,0.027,0.006,0.067
24-Oct-14,0.087,0.127,0.255,0.164,0.081,0.146,0.274,0.237
23-Oct-14,0.128,0.192,0.13,0.145,0.139,0.239,0.263,0.283
22-Oct-14,0.344,0.576,0.893,0.791,0.343,0.554,0.867,0.825
21-Oct-14,0.271,0.354,0.615,0.543,0.256,0.352,0.59,0.533
20-Oct-14,0.138,0.335,0.509,0.458,0.146,0.359,0.521,0.445
17-Oct-14,-0.268,-0.251,0.141,0,-0.292,-0.275,-0.018,-0.114
16-Oct-14,-0.457,-0.645,-1.21,-0.922,-0.393,-0.644,-1.161,-1.015
15-Oct-14,0.066,0,0.1,0,0.024,-0.034,0.002,-0.138
14-Oct-14,0.015,-0.1,-0.238,-0.337,0.024,-0.102,-0.231,-0.327
13-Oct-14,-0.183,-0.392,-0.472,-0.596,-0.193,-0.421,-0.54,-0.679
10-Oct-14,-0.203,-0.434,-0.853,-0.671,-0.263,-0.438,-0.814,-0.723
9-Oct-14,-0.083,-0.172,-0.075,-0.097,-0.065,-0.155,-0.169,-0.197
8-Oct-14,-0.084,-0.298,-0.625,-0.577,-0.089,-0.291,-0.587,-0.581
7-Oct-14,-0.016,0,-0.26,-0.101,0,-0.017,-0.191,-0.176
6-Oct-14,0.224,0.265,0.585,0.489,0.164,0.27,0.495,0.509
3-Oct-14,-0.07,-0.18,-0.203,-0.118,-0.081,-0.161,-0.187,-0.134
2-Oct-14,-0.084,-0.252,-0.511,-0.523,-0.094,-0.282,-0.541,-0.53
1-Oct-14,-0.037,-0.089,-0.203,-0.162,-0.028,-0.074,-0.189,-0.223
30-Sep-14,-0.018,-0.02,0,0,-0.004,-0.012,-0.002,-0.055
29-Sep-14,-0.1,-0.149,-0.03,-0.091,-0.103,-0.155,-0.095,-0.132
26-Sep-14,-0.094,-0.134,-0.449,-0.285,-0.086,-0.145,-0.333,-0.32
25-Sep-14,0.1,0.103,0.306,0.138,0.069,0.075,0.219,0.183
24-Sep-14,-0.156,-0.319,-0.406,-0.379,-0.179,-0.308,-0.407,-0.368
23-Sep-14,-0.264,-0.341,-0.649,-0.545,-0.202,-0.371,-0.635,-0.598
22-Sep-14,0.087,0.049,-0.136,-0.065,0.081,0.027,-0.08,-0.116
19-Sep-14,0.088,0.152,0.341,0.195,0.136,0.179,0.302,0.205
18-Sep-14,-0.067,0,-0.012,0,-0.067,-0.014,-0.032,-0.042
17-Sep-14,-0.06,-0.025,0,-0.034,-0.05,-0.041,-0.015,-0.067
16-Sep-14,-0.105,-0.159,-0.218,-0.163,-0.112,-0.158,-0.219,-0.202
15-Sep-14,-0.096,-0.108,-0.189,-0.195,-0.114,-0.122,-0.189,-0.223
12-Sep-14,-0.068,-0.107,-0.05,-0.069,-0.049,-0.125,-0.1,-0.114
11-Sep-14,-0.191,-0.223,-0.331,-0.338,-0.21,-0.239,-0.343,-0.369
10-Sep-14,-0.036,-0.06,-0.089,-0.13,-0.043,-0.072,-0.123,-0.186
9-Sep-14,-0.08,-0.071,0.023,0,-0.078,-0.052,0.058,0.078
8-Sep-14,0.088,0.077,0.111,0.225,0.082,0.077,0.132,0.258
5-Sep-14,0,0,0,0.038,-0.015,-0.001,-0.005,0.073
4-Sep-14,0.087,0.147,0.127,0.132,0.07,0.146,0.164,0.218
3-Sep-14,0.093,0.231,0.407,0.451,0.101,0.234,0.424,0.452
2-Sep-14,0.014,0.084,0.199,0.215,0.037,0.108,0.219,0.239
1-Sep-14,0,0,0,0,-0.005,0.029,0.01,-0.02
29-Aug-14,0,-0.056,-0.037,-0.012,0,-0.05,-0.065,0.025
28-Aug-14,0.072,0.049,-0.121,-0.078,0.092,0.033,-0.08,-0.088
27-Aug-14,0.182,0.241,0.31,0.266,0.167,0.259,0.304,0.29
26-Aug-14,0.201,0.214,0.293,0.272,0.177,0.19,0.298,0.27
25-Aug-14,0,0,0,0,0,0,0.004,0.043
22-Aug-14,0.133,0.159,0.186,0.164,0.133,0.164,0.186,0.177
21-Aug-14,0.075,0.087,0.181,0.22,0.058,0.093,0.185,0.212
20-Aug-14,0.055,0.125,0.102,0.15,0.043,0.167,0.207,0.254
19-Aug-14,0.219,0.265,0.484,0.398,0.208,0.28,0.459,0.478
18-Aug-14,0.081,0.089,0.036,0.009,0.077,0.099,0.083,0.077
15-Aug-14,0.272,0.312,0.401,0.388,0.249,0.303,0.373,0.375
14-Aug-14,0.275,0.343,0.442,0.424,0.279,0.33,0.438,0.4
13-Aug-14,0.184,0.218,0.325,0.342,0.175,0.213,0.33,0.34
12-Aug-14,0.125,0.252,0.293,0.326,0.135,0.285,0.363,0.389
11-Aug-14,0.064,0.069,0.439,0.375,0.038,0.131,0.354,0.335
8-Aug-14,0,-0.063,-0.296,-0.148,-0.009,-0.103,-0.253,-0.246
7-Aug-14,0,-0.139,-0.049,-0.108,-0.069,-0.155,-0.157,-0.195
6-Aug-14,-0.186,-0.281,-0.569,-0.421,-0.174,-0.324,-0.512,-0.522
5-Aug-14,-0.057,-0.017,0,0,-0.055,-0.016,-0.023,0.003
4-Aug-14,0.037,-0.077,0.08,0,0.04,-0.104,-0.047,-0.133
1-Aug-14,-0.35,-0.472,-0.809,-0.71,-0.319,-0.476,-0.766,-0.74
31-Jul-14,-0.191,-0.176,-0.26,-0.233,-0.204,-0.229,-0.302,-0.269
30-Jul-14,0.019,0.016,0.005,0.036,0.013,0.041,0.002,0.044
29-Jul-14,0.073,0.064,0.08,0.063,0.05,0.051,0.063,0.067
28-Jul-14,-0.032,-0.055,-0.147,-0.095,-0.034,-0.053,-0.121,-0.106
25-Jul-14,0,0.038,0.095,0.069,0.012,0.049,0.086,0.106
24-Jul-14,0.106,0.186,0.222,0.268,0.083,0.169,0.216,0.242
23-Jul-14,0.172,0.249,0.389,0.382,0.181,0.251,0.375,0.362
22-Jul-14,0.136,0.16,0.248,0.27,0.124,0.179,0.273,0.294
21-Jul-14,0.043,0,0.103,0,0.023,-0.002,0.068,0.053
18-Jul-14,-0.019,-0.118,-0.241,-0.179,-0.015,-0.107,-0.222,-0.203
17-Jul-14,0,0.011,-0.036,0,0.012,0.01,-0.017,-0.053
16-Jul-14,0.087,0.066,0.168,0.084,0.048,0.084,0.143,0.076
15-Jul-14,-0.035,0.06,0.047,0.044,-0.036,0.055,0.062,0.092
14-Jul-14,0.159,0.18,0.282,0.19,0.145,0.177,0.263,0.213
11-Jul-14,-0.057,-0.122,-0.072,-0.086,-0.071,-0.106,-0.111,-0.158
10-Jul-14,-0.119,-0.298,-0.396,-0.445,-0.102,-0.287,-0.414,-0.391
9-Jul-14,-0.169,-0.32,-0.587,-0.549,-0.149,-0.332,-0.556,-0.502
8-Jul-14,-0.078,-0.19,-0.431,-0.283,-0.11,-0.206,-0.405,-0.332
7-Jul-14,0,0.006,-0.046,0,0.001,0.006,-0.01,0.013
4-Jul-14,0.078,0.134,0.21,0.177,0.065,0.124,0.187,0.178
3-Jul-14,0.037,0.142,0.223,0.205,0.031,0.131,0.227,0.236
2-Jul-14,0.097,0.14,0.347,0.247,0.067,0.146,0.288,0.278
1-Jul-14,-0.019,0.069,0.078,0.048,-0.003,0.058,0.121,0.035
30-Jun-14,-0.006,0.008,0.064,0.061,-0.01,0.03,0.065,0.077
27-Jun-14,0.049,0.062,0.014,0,0.066,0.056,0.041,0.008
26-Jun-14,0,-0.082,-0.083,-0.084,-0.001,-0.082,-0.108,-0.134
25-Jun-14,-0.007,-0.124,-0.238,-0.137,-0.02,-0.116,-0.217,-0.162
24-Jun-14,0,-0.032,-0.071,0,0.009,-0.023,-0.07,-0.022
23-Jun-14,-0.033,-0.059,-0.107,-0.067,-0.029,-0.065,-0.118,-0.076
20-Jun-14,0,0.07,0.019,0.063,-0.016,0.069,0.071,0.071
19-Jun-14,0.175,0.199,0.32,0.303,0.151,0.215,0.287,0.264
18-Jun-14,0.089,0.071,0.109,0.104,0.067,0.05,0.104,0.09
17-Jun-14,-0.048,-0.081,-0.077,-0.035,-0.054,-0.073,-0.085,-0.092
16-Jun-14,-0.081,-0.248,-0.236,-0.263,-0.123,-0.268,-0.346,-0.33
13-Jun-14,-0.364,-0.358,-0.647,-0.614,-0.333,-0.384,-0.632,-0.621
12-Jun-14,-0.047,-0.085,-0.1,-0.105,-0.041,-0.085,-0.111,-0.12
11-Jun-14,-0.063,-0.052,-0.08,-0.055,-0.06,-0.051,-0.076,-0.034
10-Jun-14,0.04,0.088,0.087,0.138,0.044,0.094,0.084,0.169
9-Jun-14,0.151,0.253,0.321,0.328,0.161,0.253,0.341,0.285
6-Jun-14,0.175,0.167,0.296,0.271,0.145,0.187,0.278,0.288
5-Jun-14,-0.013,-0.016,-0.02,0,-0.011,-0.028,-0.036,0.005
4-Jun-14,-0.057,-0.056,0,0,-0.067,-0.051,-0.025,-0.002
3-Jun-14,-0.094,-0.06,-0.074,0,-0.134,-0.083,-0.091,-0.035
2-Jun-14,0,0.019,0.062,0.053,0.022,0.044,0.055,0.064
30-May-14,0.044,0.095,0.045,0.113,0.037,0.071,0.063,0.17
29-May-14,0.226,0.228,0.304,0.299,0.224,0.231,0.314,0.282
28-May-14,0.241,0.324,0.376,0.433,0.207,0.31,0.393,0.435
27-May-14,0.204,0.241,0.428,0.394,0.221,0.26,0.442,0.426
26-May-14,0,0,0,0,0,0.003,0.006,0.019
23-May-14,0.115,0.2,0.227,0.312,0.058,0.183,0.232,0.307
22-May-14,0.11,0.155,0.339,0.297,0.092,0.139,0.294,0.242
21-May-14,-0.103,-0.112,-0.221,-0.164,-0.124,-0.137,-0.204,-0.219
20-May-14,-0.049,-0.021,0,0,-0.09,-0.04,0.022,-0.026
19-May-14,-0.095,-0.187,-0.095,-0.048,-0.125,-0.238,-0.288,-0.252
16-May-14,-0.198,-0.319,-0.6,-0.428,-0.192,-0.357,-0.645,-0.532
15-May-14,0.087,0.108,0.062,0,0.101,0.08,0.015,0.057
14-May-14,0.271,0.284,0.346,0.422,0.268,0.291,0.357,0.409
13-May-14,0.173,0.212,0.37,0.392,0.152,0.233,0.36,0.452
12-May-14,0,0.08,0.1,0.146,-0.001,0.083,0.12,0.162
9-May-14,0.144,0.149,0.122,0.09,0.142,0.138,0.132,0.141
8-May-14,0.078,0.024,0.151,0.038,0.048,0.052,0.093,0.022
7-May-14,-0.056,-0.107,-0.279,-0.262,-0.053,-0.128,-0.29,-0.303
6-May-14,-0.011,0,-0.014,-0.039,-0.021,0.001,-0.031,-0.042
5-May-14,0,0,0,0,0,0.003,0.002,-0.002
2-May-14,0.136,0.147,0.222,0.183,0.163,0.169,0.257,0.238
1-May-14,0.084,0.05,0.076,0,0.05,0.059,0.044,-0.044
30-Apr-14,0.044,0.104,0.15,0.088,0.061,0.09,0.133,0.136
29-Apr-14,0.055,0.096,0.091,0.095,0.035,0.106,0.087,0.094
28-Apr-14,-0.055,-0.16,-0.248,-0.222,-0.055,-0.147,-0.222,-0.279
25-Apr-14,0,-0.021,-0.215,-0.187,-0.012,-0.038,-0.195,-0.207
24-Apr-14,0.119,0.093,0.153,0.1,0.114,0.11,0.177,0.129
23-Apr-14,0.128,0.261,0.276,0.315,0.126,0.255,0.288,0.341
22-Apr-14,0.191,0.336,0.59,0.557,0.192,0.35,0.596,0.53
21-Apr-14,0,0,0,0,0,-0.001,0,0.001
18-Apr-14,0,0,0,0,0,0.005,0.007,0.005
17-Apr-14,0.075,0.092,0.25,0.182,0.083,0.145,0.27,0.227
16-Apr-14,0,0.049,0.044,0.036,0.041,0.059,0.034,0.043
15-Apr-14,-0.023,-0.086,0,-0.026,-0.058,-0.112,-0.074,-0.147
14-Apr-14,-0.187,-0.42,-0.675,-0.636,-0.212,-0.418,-0.65,-0.618
11-Apr-14,-0.139,-0.202,-0.605,-0.445,-0.165,-0.253,-0.554,-0.589
10-Apr-14,0.177,0.234,0.269,0.264,0.182,0.223,0.247,0.243
9-Apr-14,0.032,-0.104,0.147,0,-0.008,-0.159,-0.062,-0.181
8-Apr-14,-0.443,-0.436,-0.912,-0.774,-0.379,-0.495,-0.904,-0.8
7-Apr-14,0.072,-0.002,-0.187,-0.224,0.052,-0.055,-0.23,-0.304
4-Apr-14,0.067,0.045,0.04,0.041,0.046,0.043,0.053,0.042
3-Apr-14,0.089,0.161,0.171,0.239,0.054,0.151,0.204,0.234
2-Apr-14,0.158,0.251,0.404,0.435,0.152,0.231,0.402,0.412
1-Apr-14,0.174,0.256,0.372,0.437,0.202,0.289,0.353,0.39
31-Mar-14,0.081,0.109,0.267,0.34,0.048,0.137,0.249,0.369
28-Mar-14,0.074,-0.026,0,0,0.063,-0.006,-0.026,-0.002
27-Mar-14,-0.084,-0.01,-0.245,-0.087,-0.11,-0.079,-0.215,-0.264
26-Mar-14,0.104,0.159,0.28,0.216,0.094,0.17,0.268,0.261
25-Mar-14,0.089,-0.009,0,0,0.118,0.032,0.033,-0.027
24-Mar-14,0,0,-0.094,0,-0.045,-0.015,-0.075,-0.001
21-Mar-14,0.086,-0.026,0.108,0.075,0.007,-0.025,0.081,0.098
20-Mar-14,-0.13,-0.121,-0.39,-0.201,-0.224,-0.184,-0.331,-0.24
19-Mar-14,0.141,0.22,0.309,0.293,0.114,0.208,0.293,0.252
18-Mar-14,0.099,0.207,0.344,0.325,0.122,0.209,0.337,0.295
17-Mar-14,0,-0.153,0.03,0,-0.038,-0.139,-0.127,-0.131
14-Mar-14,-0.091,-0.252,-0.517,-0.575,-0.117,-0.292,-0.544,-0.605
13-Mar-14,-0.117,-0.245,-0.337,-0.375,-0.12,-0.22,-0.358,-0.365
12-Mar-14,-0.07,-0.168,-0.275,-0.281,-0.075,-0.182,-0.289,-0.333
11-Mar-14,-0.101,-0.161,-0.222,-0.165,-0.122,-0.167,-0.221,-0.163
10-Mar-14,-0.018,-0.039,-0.079,0,-0.05,-0.065,-0.111,-0.02
7-Mar-14,0,0.061,0.072,0.098,0.015,0.061,0.083,0.139
6-Mar-14,0.074,0.139,0.207,0.272,0.064,0.121,0.197,0.253
5-Mar-14,0.14,0.218,0.252,0.31,0.09,0.253,0.335,0.392
4-Mar-14,0.21,0,0.325,0.071,0.142,0.057,0.214,0.129
3-Mar-14,-0.179,-0.096,-0.546,-0.37,-0.145,-0.173,-0.435,-0.459
28-Feb-14,0.088,0.078,0.232,0.205,0.093,0.092,0.179,0.245
27-Feb-14,0.037,-0.005,-0.116,-0.073,0.014,-0.04,-0.137,-0.079
26-Feb-14,0.088,0.064,0.04,0.029,0.075,0.075,0.04,0.064
25-Feb-14,0.05,0.079,0.082,0.115,0.047,0.066,0.093,0.117
24-Feb-14,0.16,0.217,0.247,0.277,0.143,0.213,0.259,0.285
21-Feb-14,0.092,0.088,0.292,0.233,0.05,0.096,0.207,0.213
20-Feb-14,-0.059,0.025,-0.068,-0.038,-0.037,-0.01,-0.057,-0.095
19-Feb-14,0.176,0.203,0.268,0.241,0.182,0.208,0.293,0.206
18-Feb-14,0.184,0.206,0.276,0.25,0.173,0.221,0.283,0.273
17-Feb-14,0.144,0.224,0.329,0.247,0.155,0.226,0.322,0.256
14-Feb-14,0.088,0.018,0.16,0.033,0.042,0.016,0.069,0.117
13-Feb-14,-0.092,-0.046,-0.208,-0.07,-0.111,-0.098,-0.203,-0.225
12-Feb-14,0.042,0.185,0.32,0.316,0.019,0.178,0.31,0.367
11-Feb-14,0.171,0.242,0.384,0.351,0.147,0.262,0.359,0.351
10-Feb-14,0.163,0.295,0.381,0.413,0.177,0.285,0.377,0.409
7-Feb-14,0.177,0.318,0.535,0.52,0.159,0.314,0.517,0.524
6-Feb-14,0.085,0.22,0.316,0.344,0.07,0.209,0.344,0.354
5-Feb-14,0.141,-0.084,0.089,0,0.083,-0.074,-0.034,-0.12
4-Feb-14,-0.197,-0.297,-0.671,-0.496,-0.173,-0.292,-0.558,-0.59
3-Feb-14,0.092,0.087,0.165,0.079,0.101,0.103,0.18,0.146
31-Jan-14,-0.075,-0.176,-0.186,-0.283,-0.069,-0.175,-0.215,-0.255
30-Jan-14,0.058,-0.009,-0.244,-0.08,0.008,-0.039,-0.24,-0.249
29-Jan-14,0.106,0.125,0.25,0.155,0.063,0.101,0.224,0.121
28-Jan-14,-0.098,-0.299,-0.158,-0.177,-0.186,-0.321,-0.374,-0.502
27-Jan-14,-0.508,-0.727,-1.179,-1.217,-0.481,-0.749,-1.143,-1.163
24-Jan-14,-0.157,-0.349,-0.738,-0.696,-0.211,-0.417,-0.7,-0.78
23-Jan-14,-0.091,-0.151,-0.21,-0.218,-0.09,-0.16,-0.239,-0.257
22-Jan-14,-0.152,-0.137,-0.209,-0.199,-0.147,-0.153,-0.224,-0.192
21-Jan-14,-0.02,-0.013,0,0,-0.03,-0.018,0.005,0.007
20-Jan-14,0,-0.039,-0.097,-0.143,-0.01,-0.032,-0.115,-0.146
17-Jan-14,0,0.048,-0.032,-0.02,0.018,0.033,-0.015,-0.041
16-Jan-14,0.211,0.303,0.431,0.484,0.181,0.296,0.435,0.422
15-Jan-14,0.104,0.119,0.36,0.312,0.117,0.152,0.279,0.315
14-Jan-14,0.069,0.066,-0.026,-0.043,0.071,0.043,-0.044,-0.092
13-Jan-14,0.185,0.188,0.19,0.159,0.193,0.197,0.202,0.194
10-Jan-14,0.165,0.096,0.137,0.11,0.136,0.098,0.131,0.119
9-Jan-14,-0.026,-0.007,0,0,-0.036,-0.01,0.005,0.007
8-Jan-14,0,0.009,0.013,0,0.022,0.005,0.022,0.041
7-Jan-14,0.131,0.109,0.076,0,0.124,0.111,0.078,0.004
6-Jan-14,0.152,0.153,0.162,0.13,0.149,0.154,0.168,0.151
3-Jan-14,0.059,-0.019,0,-0.077,0.04,-0.031,-0.034,-0.109
2-Jan-14,-0.025,0,-0.013,0,-0.018,-0.013,-0.036,-0.023
1-Jan-14,0,0,0,0,0,0,0,0
31-Dec-13,0.066,0.073,0.083,0.075,0.063,0.087,0.126,0.176
30-Dec-13,0.07,0.145,0.144,0.17,0.065,0.128,0.137,0.248
27-Dec-13,0.017,0.136,0.213,0.183,0.016,0.13,0.241,0.266
26-Dec-13,0,0,0,0,0,0,0.008,-0.008
25-Dec-13,0,0,0,0,0,0,0,0
24-Dec-13,0.165,0.25,0.395,0.354,0.153,0.246,0.352,0.34
23-Dec-13,0.18,0.21,0.371,0.357,0.133,0.229,0.359,0.343
20-Dec-13,0.089,0.242,0.282,0.292,0.086,0.226,0.3,0.292
19-Dec-13,0.067,0.119,0.398,0.275,0.069,0.146,0.335,0.3
18-Dec-13,0,0.063,0,0,0.001,0.057,0.049,0.005
17-Dec-13,0.162,0.169,0.298,0.215,0.149,0.183,0.278,0.231
16-Dec-13,0.096,0.055,0.069,0.026,0.068,0.049,0.058,0.037
13-Dec-13,-0.008,-0.114,0,-0.011,-0.059,-0.149,-0.119,-0.197
12-Dec-13,-0.306,-0.273,-0.563,-0.4,-0.266,-0.322,-0.573,-0.519
11-Dec-13,0.081,0.079,0.006,0,0.054,0.048,0.004,-0.008
10-Dec-13,0.096,0.159,0.194,0.173,0.113,0.14,0.173,0.149
9-Dec-13,0.086,0.139,0.219,0.21,0.082,0.162,0.203,0.243
6-Dec-13,-0.029,-0.041,0,-0.02,-0.035,-0.03,-0.005,-0.043
5-Dec-13,-0.073,-0.111,-0.143,-0.139,-0.076,-0.13,-0.164,-0.146
4-Dec-13,-0.111,-0.224,-0.312,-0.279,-0.154,-0.211,-0.321,-0.325
3-Dec-13,-0.255,-0.333,-0.497,-0.457,-0.205,-0.357,-0.465,-0.467
2-Dec-13,-0.228,-0.135,-0.265,-0.143,-0.168,-0.148,-0.257,-0.193
29-Nov-13,0.074,0.097,0.137,0.118,0.062,0.106,0.137,0.111
28-Nov-13,0,-0.011,0,0,-0.009,-0.018,0,0
27-Nov-13,-0.089,-0.097,-0.142,-0.16,-0.101,-0.123,-0.157,-0.17
26-Nov-13,0.042,0.102,0.047,0,0.066,0.107,0.08,0.062
25-Nov-13,0.183,0.138,0.276,0.226,0.154,0.147,0.249,0.223
22-Nov-13,-0.037,-0.065,-0.054,-0.018,-0.033,-0.06,-0.045,-0.057
21-Nov-13,-0.182,-0.192,-0.198,-0.209,-0.191,-0.185,-0.181,-0.201
20-Nov-13,-0.177,-0.203,-0.294,-0.285,-0.14,-0.218,-0.282,-0.32
19-Nov-13,0.042,0.051,-0.039,0,0.012,0.041,-0.027,0.028
18-Nov-13,0.131,0.187,0.302,0.34,0.14,0.193,0.293,0.283
15-Nov-13,0.128,0.197,0.276,0.293,0.141,0.197,0.256,0.312
14-Nov-13,0.008,-0.095,0.016,0,-0.013,-0.089,-0.043,-0.041
13-Nov-13,-0.194,-0.174,-0.392,-0.216,-0.197,-0.197,-0.317,-0.256
12-Nov-13,0.095,0.197,0.28,0.32,0.089,0.193,0.3,0.336
11-Nov-13,-0.039,-0.039,0.205,0.02,-0.023,-0.042,0.151,0.148
8-Nov-13,-0.143,-0.169,-0.443,-0.367,-0.146,-0.207,-0.413,-0.46
7-Nov-13,0,0,-0.033,0,-0.034,-0.008,-0.061,-0.051
6-Nov-13,-0.093,-0.138,-0.04,-0.041,-0.104,-0.123,-0.072,-0.123
5-Nov-13,-0.252,-0.148,-0.293,-0.192,-0.215,-0.183,-0.291,-0.265
4-Nov-13,0,-0.044,0.025,0,-0.002,-0.027,0.031,0.002
1-Nov-13,-0.15,-0.156,-0.202,-0.151,-0.136,-0.134,-0.181,-0.141
31-Oct-13,-0.033,-0.041,-0.203,-0.208,-0.036,-0.039,-0.136,-0.145
30-Oct-13,0.223,0.276,0.454,0.443,0.214,0.289,0.436,0.473
29-Oct-13,0.191,0.214,0.27,0.303,0.176,0.211,0.294,0.364
28-Oct-13,0.075,0.039,0.069,0.056,0.073,0.058,0.082,0.094
25-Oct-13,-0.019,0,-0.017,-0.033,-0.024,-0.005,-0.03,-0.033
24-Oct-13,0.093,0.082,0.071,0,0.079,0.073,0.093,0.002
23-Oct-13,0.266,0.193,0.212,0.142,0.291,0.214,0.188,0.133
22-Oct-13,0.132,0.239,0.268,0.32,0.107,0.208,0.284,0.31
21-Oct-13,0.178,0.257,0.408,0.359,0.179,0.255,0.406,0.416
18-Oct-13,0.292,0.368,0.335,0.274,0.312,0.337,0.332,0.275
17-Oct-13,0.354,0.172,0.438,0.243,0.271,0.163,0.323,0.215
16-Oct-13,-0.132,0.009,-0.235,0,-0.139,-0.012,-0.157,-0.072
15-Oct-13,0.176,0.239,0.436,0.393,0.146,0.225,0.418,0.482
14-Oct-13,0.15,0.296,0.321,0.277,0.13,0.263,0.345,0.323
11-Oct-13,0.237,0.378,0.68,0.722,0.266,0.404,0.667,0.708
10-Oct-13,0.094,0.116,0.322,0.183,0.088,0.117,0.27,0.255
9-Oct-13,0.035,-0.013,-0.109,-0.086,0.045,-0.014,-0.109,-0.138
8-Oct-13,-0.031,-0.144,-0.15,-0.145,-0.053,-0.113,-0.177,-0.166
7-Oct-13,-0.075,-0.1,-0.218,-0.138,-0.068,-0.14,-0.239,-0.179
4-Oct-13,0.123,0.155,0.205,0.191,0.096,0.167,0.178,0.224
3-Oct-13,0.066,0.07,0.098,0.102,0.055,0.082,0.11,0.107
2-Oct-13,0,0,0,0,0.017,-0.016,-0.028,-0.029
1-Oct-13,-0.107,-0.255,-0.213,-0.237,-0.108,-0.202,-0.253,-0.299
30-Sep-13,-0.18,-0.276,-0.519,-0.612,-0.173,-0.27,-0.504,-0.62
27-Sep-13,-0.06,-0.067,-0.096,-0.091,-0.057,-0.068,-0.11,-0.129
26-Sep-13,0.045,-0.009,-0.061,-0.04,0.077,-0.031,-0.073,-0.07
25-Sep-13,0.051,-0.052,-0.113,-0.156,0.05,-0.003,-0.101,-0.138
24-Sep-13,0.061,-0.105,-0.12,-0.147,0.022,-0.094,-0.173,-0.201
23-Sep-13,-0.179,-0.235,-0.364,-0.313,-0.161,-0.237,-0.332,-0.318
20-Sep-13,0.024,0.184,0,0.046,0.062,0.166,0.151,0.241
19-Sep-13,0.529,0.366,0.548,0.517,0.415,0.393,0.52,0.498
18-Sep-13,-0.09,-0.113,-0.114,-0.019,-0.128,-0.104,-0.093,-0.027
17-Sep-13,0.089,0.139,0,0.087,0.022,0.102,0.063,0.101
16-Sep-13,0.179,0.125,0.24,0.172,0.211,0.154,0.226,0.207
13-Sep-13,0,-0.039,-0.097,-0.154,0.015,-0.046,-0.11,-0.089
12-Sep-13,0.077,0.069,0,0,0.074,0.046,0.01,-0.025
11-Sep-13,0.075,0.198,0.251,0.212,0.083,0.231,0.312,0.393
10-Sep-13,0.182,0.25,0.585,0.556,0.17,0.274,0.533,0.622
9-Sep-13,0,0.058,0.077,0.101,0.016,0.079,0.088,0.111
6-Sep-13,0.022,0.153,0.198,0.214,-0.002,0.123,0.226,0.268
5-Sep-13,0,0.027,0.299,0.223,-0.017,0.029,0.218,0.232
4-Sep-13,-0.181,-0.105,-0.162,-0.047,-0.197,-0.122,-0.179,-0.057
3-Sep-13,0.036,0.093,0.156,0.118,0.027,0.098,0.148,0.151
2-Sep-13,0,0.017,0.07,0.027,0.013,0.043,0.115,0.065
30-Aug-13,0,0.055,0.038,0.065,-0.008,0.057,0.071,0.021
29-Aug-13,0,-0.17,-0.017,-0.07,-0.022,-0.153,-0.107,-0.21
28-Aug-13,-0.105,-0.186,-0.471,-0.412,-0.099,-0.213,-0.471,-0.495
27-Aug-13,0.233,0.243,0.15,0.099,0.246,0.222,0.14,0.104
26-Aug-13,0,0,0,0,0,0.002,0.007,-0.002
23-Aug-13,0.098,0.176,0.284,0.22,0.107,0.16,0.286,0.242
22-Aug-13,0,0.03,0.081,0.069,-0.006,0.021,0.084,0.088
21-Aug-13,-0.098,-0.211,-0.162,-0.159,-0.129,-0.241,-0.267,-0.347
20-Aug-13,-0.167,-0.249,-0.418,-0.379,-0.203,-0.245,-0.412,-0.459
19-Aug-13,-0.145,-0.221,-0.077,-0.187,-0.193,-0.206,-0.196,-0.265
16-Aug-13,-0.348,-0.511,-0.728,-0.786,-0.328,-0.501,-0.679,-0.741
15-Aug-13,-0.353,-0.267,-0.643,-0.284,-0.355,-0.319,-0.591,-0.463
14-Aug-13,-0.087,0.042,0.087,0.096,-0.142,0.008,0.126,0.136
13-Aug-13,0.094,0.13,0.253,0.28,0.072,0.13,0.246,0.314
12-Aug-13,0.073,0.113,0.119,0.152,0.093,0.116,0.123,0.15
9-Aug-13,0.043,0.05,0.077,0.05,0.052,0.058,0.063,0.057
8-Aug-13,-0.089,-0.251,-0.268,-0.207,-0.13,-0.221,-0.362,-0.398
7-Aug-13,-0.314,-0.335,-0.57,-0.544,-0.272,-0.369,-0.558,-0.58
6-Aug-13,-0.103,-0.118,-0.193,-0.174,-0.122,-0.142,-0.197,-0.187
5-Aug-13,0,0.033,-0.075,0,-0.033,0.007,-0.043,-0.039
2-Aug-13,0.091,0.29,0.519,0.542,0.021,0.242,0.481,0.522
1-Aug-13,0.189,0.245,0.383,0.361,0.23,0.274,0.421,0.375
31-Jul-13,0.177,0.185,0.322,0.313,0.163,0.165,0.3,0.273
30-Jul-13,0.082,0.037,0.05,0,0.086,0.044,0.072,0.042
29-Jul-13,0,-0.025,-0.096,-0.151,0.009,-0.03,-0.123,-0.166
26-Jul-13,-0.089,-0.197,-0.142,-0.245,-0.078,-0.173,-0.175,-0.266
25-Jul-13,-0.203,-0.169,-0.351,-0.175,-0.206,-0.219,-0.347,-0.254
24-Jul-13,0.008,0.087,0.129,0.138,-0.021,0.063,0.116,0.142
23-Jul-13,0.026,0.059,0.095,0.091,0.006,0.063,0.108,0.114
22-Jul-13,0.008,0.009,-0.026,-0.054,-0.012,0.007,-0.04,-0.082
19-Jul-13,0.072,0.17,0.166,0.08,0.066,0.149,0.161,0.103
18-Jul-13,0.266,0.073,0.249,0.087,0.175,0.086,0.156,0.069
17-Jul-13,-0.162,-0.166,-0.309,-0.243,-0.182,-0.163,-0.31,-0.263
16-Jul-13,0.087,0.084,0.078,0.07,0.107,0.081,0.078,0.075
15-Jul-13,0.115,0.203,0.223,0.293,0.092,0.193,0.234,0.454
12-Jul-13,0.28,0.355,0.473,0.383,0.282,0.33,0.436,0.438
11-Jul-13,0.178,0.101,0.194,0.069,0.187,0.164,0.25,0.153
10-Jul-13,0.138,0.207,0.073,0.072,0.17,0.239,0.249,0.272
9-Jul-13,0.282,0.337,0.612,0.477,0.194,0.31,0.509,0.508
8-Jul-13,0.172,0.377,0.276,0.269,0.139,0.354,0.469,0.541
5-Jul-13,0.632,0.742,1.325,1.106,0.521,0.739,1.211,1.204
4-Jul-13,0.097,-0.019,0.395,0.155,0.012,0.025,0.253,0.164
3-Jul-13,-0.181,-0.116,-0.385,-0.287,-0.08,-0.114,-0.341,-0.318
2-Jul-13,0.247,0.268,0.36,0.364,0.214,0.248,0.366,0.362
1-Jul-13,0.218,0.377,0.336,0.311,0.136,0.368,0.445,0.44
28-Jun-13,0.485,0.624,0.899,0.968,0.5,0.607,0.848,0.973
27-Jun-13,0.388,0.622,0.76,0.874,0.422,0.555,0.737,0.763
26-Jun-13,0.349,0.316,0.748,0.422,0.203,0.238,0.532,0.41
25-Jun-13,-0.298,-0.572,-0.34,-0.387,-0.317,-0.524,-0.536,-0.592
24-Jun-13,-0.764,-0.696,-1.063,-0.841,-0.872,-0.793,-1.082,-0.897
21-Jun-13,-0.442,-0.658,-0.566,-0.69,-0.517,-0.677,-0.719,-0.771
20-Jun-13,-0.559,-0.459,-0.915,-0.635,-0.609,-0.605,-0.867,-0.723
19-Jun-13,0,0.108,0.087,0.11,0.013,0.076,0.122,0.167
18-Jun-13,0.147,0.309,0.43,0.417,0.115,0.258,0.41,0.383
17-Jun-13,0.264,0.391,0.473,0.396,0.252,0.343,0.458,0.397
14-Jun-13,0.362,0.094,0.349,0.213,0.205,0.098,0.241,0.036
13-Jun-13,-0.291,-0.369,-0.786,-0.573,-0.274,-0.396,-0.733,-0.661
12-Jun-13,-0.198,-0.445,-0.318,-0.411,-0.195,-0.366,-0.377,-0.524
11-Jun-13,-0.517,-0.189,-0.384,-0.325,-0.446,-0.266,-0.36,-0.336
10-Jun-13,0,0.052,0.459,0.124,-0.025,0.059,0.342,0.323
7-Jun-13,-0.357,-0.51,-0.682,-0.69,-0.343,-0.49,-0.632,-0.736
6-Jun-13,-0.359,-0.602,-0.844,-0.96,-0.344,-0.581,-0.874,-0.877
5-Jun-13,-0.38,-0.383,-0.667,-0.562,-0.351,-0.406,-0.627,-0.687
4-Jun-13,-0.092,-0.159,-0.167,-0.067,-0.106,-0.177,-0.195,-0.163
3-Jun-13,-0.371,-0.398,-0.508,-0.571,-0.358,-0.376,-0.499,-0.541
31-May-13,-0.272,-0.367,-0.424,-0.579,-0.271,-0.329,-0.411,-0.568
30-May-13,-0.187,-0.382,-0.488,-0.493,-0.252,-0.378,-0.507,-0.536
29-May-13,-0.264,0,-0.275,-0.09,-0.295,-0.132,-0.136,-0.167
28-May-13,0.103,0.049,0.315,0.16,0.12,0.092,0.253,0.193
27-May-13,0,0,0,0,0,-0.003,-0.006,0.009
24-May-13,-0.282,-0.468,-0.53,-0.479,-0.302,-0.484,-0.622,-0.628
23-May-13,-0.282,-0.208,-0.647,-0.6,-0.264,-0.324,-0.579,-0.653
22-May-13,0.189,0.257,0.392,0.397,0.196,0.261,0.37,0.412
21-May-13,0.173,0.25,0.338,0.374,0.134,0.228,0.347,0.347
20-May-13,0.064,0.087,0.298,0.18,0.028,0.109,0.275,0.296
17-May-13,0.106,0.085,0.015,0,0.1,0.081,0.035,0.027
16-May-13,0.116,0.221,0.287,0.194,0.106,0.191,0.327,0.281
15-May-13,0.182,0.264,0.626,0.581,0.141,0.314,0.608,0.716
14-May-13,0.088,0.123,0.229,0.264,0.047,0.112,0.216,0.293
13-May-13,-0.03,0.066,0.068,0.137,-0.024,0.067,0.13,0.133
10-May-13,0.1,0.18,0.348,0.337,0.038,0.173,0.338,0.461
9-May-13,0.088,0.202,0.216,0.213,0.058,0.175,0.258,0.246
8-May-13,0.19,0.356,0.526,0.575,0.186,0.336,0.512,0.561
7-May-13,0.094,0.25,0.542,0.568,0.02,0.271,0.562,0.657
6-May-13,0,0,0,0,0,0.003,0.007,0.011
3-May-13,0.192,0.095,0.241,0.147,0.151,0.098,0.16,0.168
2-May-13,0,-0.052,-0.172,-0.17,0.011,-0.082,-0.172,-0.205
1-May-13,0.036,0.12,0.122,0.135,0.065,0.137,0.146,0.142
30-Apr-13,0.171,0.162,0.268,0.247,0.225,0.188,0.27,0.288
29-Apr-13,0.014,-0.044,0,-0.052,0.005,-0.002,-0.025,-0.068
26-Apr-13,0,0.021,-0.023,0,0.007,0.032,-0.023,0.016
25-Apr-13,0.106,0.224,0.24,0.146,0.079,0.192,0.273,0.181
24-Apr-13,0.095,0.22,0.497,0.529,0.049,0.242,0.453,0.496
23-Apr-13,0.19,0.28,0.265,0.205,0.191,0.265,0.308,0.252
22-Apr-13,0.326,0.252,0.503,0.324,0.284,0.249,0.448,0.44
19-Apr-13,-0.09,-0.133,-0.253,-0.286,-0.09,-0.123,-0.221,-0.264
18-Apr-13,0.009,0.025,-0.183,-0.101,-0.015,-0.005,-0.184,-0.18
17-Apr-13,0,-0.09,0,-0.056,-0.003,-0.087,-0.047,-0.02
16-Apr-13,-0.092,-0.298,-0.461,-0.471,-0.089,-0.29,-0.444,-0.501
15-Apr-13,-0.14,-0.214,-0.376,-0.442,-0.165,-0.265,-0.409,-0.461
12-Apr-13,0.145,0.211,0.014,0.055,0.118,0.168,0.135,0.174
11-Apr-13,0.208,0.408,0.608,0.547,0.147,0.372,0.606,0.526
10-Apr-13,0.187,0.253,0.457,0.379,0.159,0.252,0.411,0.462
9-Apr-13,0.042,0.1,0.17,0.147,0.022,0.093,0.149,0.194
8-Apr-13,0.095,-0.204,-0.149,-0.176,0.06,-0.231,-0.348,-0.421
5-Apr-13,-0.288,-0.439,-0.891,-0.745,-0.203,-0.458,-0.904,-0.909
4-Apr-13,0.089,0,-0.264,-0.093,0.098,-0.05,-0.223,-0.212
3-Apr-13,0.089,0.129,0.202,0.154,0.115,0.133,0.188,0.111
2-Apr-13,0.063,0.15,0.113,0.047,0.013,0.12,0.12,0.036
1-Apr-13,0,0,0,0,0,0.001,0,-0.007
29-Mar-13,0,0,0,0,0,0.001,0.001,0
28-Mar-13,0.117,0.112,0.247,0.187,0.175,0.141,0.286,0.229
27-Mar-13,0.038,-0.027,0,0,0.108,-0.004,-0.005,0.029
26-Mar-13,0.04,0.08,-0.139,0,0.049,0.033,-0.138,-0.072
25-Mar-13,0.132,0.106,0.256,0.157,0.106,0.129,0.229,0.196
22-Mar-13,0,-0.117,-0.139,-0.22,0.022,-0.086,-0.148,-0.261
21-Mar-13,-0.176,-0.159,-0.28,-0.246,-0.142,-0.162,-0.28,-0.245
20-Mar-13,-0.012,0,-0.071,-0.037,-0.019,-0.01,-0.077,-0.066
19-Mar-13,0.054,-0.039,0,-0.059,0.084,-0.023,-0.06,-0.151
18-Mar-13,0,-0.136,-0.295,-0.349,0.011,-0.127,-0.32,-0.376
15-Mar-13,-0.025,-0.049,-0.123,-0.149,-0.115,-0.062,-0.097,-0.121
14-Mar-13,0,-0.047,0.155,0,-0.032,-0.036,0.07,0.036
13-Mar-13,-0.159,-0.115,-0.316,-0.265,-0.172,-0.115,-0.272,-0.268
12-Mar-13,0.24,0.274,0.252,0.207,0.237,0.245,0.279,0.272
11-Mar-13,0.196,0.257,0.457,0.452,0.238,0.26,0.432,0.463
8-Mar-13,0,0.077,0.159,0.221,-0.031,0.097,0.185,0.299
7-Mar-13,0.171,0.271,0.246,0.328,0.134,0.258,0.335,0.383
6-Mar-13,0.191,0.381,0.67,0.613,0.211,0.382,0.624,0.664
5-Mar-13,0,0.05,0.16,0.095,0.006,0.05,0.133,0.098
4-Mar-13,0.116,0.124,0.124,0,0.059,0.096,0.116,-0.006
1-Mar-13,0.265,0.356,0.365,0.469,0.321,0.312,0.36,0.454
28-Feb-13,0.154,0.224,0.481,0.461,0.18,0.261,0.479,0.509
27-Feb-13,0.119,-0.11,0.011,0,0.055,-0.134,-0.146,-0.171
26-Feb-13,-0.067,-0.17,-0.594,-0.363,-0.118,-0.146,-0.482,-0.486
25-Feb-13,0.235,0.295,0.573,0.5,0.247,0.327,0.544,0.56
22-Feb-13,0.073,-0.183,0.042,0,-0.003,-0.122,-0.137,-0.184
21-Feb-13,0,-0.035,-0.458,-0.303,-0.008,-0.034,-0.293,-0.28
20-Feb-13,0.337,0.402,0.79,0.686,0.316,0.436,0.733,0.795
19-Feb-13,0.089,0.059,0.178,0.136,0.059,0.089,0.172,0.151
18-Feb-13,0,0.032,0,0,-0.017,0.008,0.016,0.03
15-Feb-13,0.096,0.089,0.123,0.093,0.097,0.1,0.11,0.153
14-Feb-13,0.09,0.166,0.125,0.163,0.058,0.136,0.202,0.254
13-Feb-13,0.083,0.191,0.425,0.394,0.022,0.198,0.373,0.434
12-Feb-13,0.133,0.152,0.215,0.218,0.11,0.147,0.214,0.2
11-Feb-13,0.034,0.058,0.147,0.136,0.06,0.036,0.108,0.124
8-Feb-13,-0.061,-0.154,-0.23,-0.258,-0.093,-0.149,-0.235,-0.262
7-Feb-13,-0.089,0.088,0,0,-0.028,0.061,0.026,0.024
6-Feb-13,0.086,0.084,0.312,0.13,0.011,0.062,0.244,0.081
5-Feb-13,-0.052,0,-0.243,0,-0.087,-0.036,-0.16,-0.142
4-Feb-13,0.066,0.176,0.32,0.296,0.09,0.175,0.334,0.352
1-Feb-13,0,-0.092,0,0,0.016,-0.053,-0.025,-0.022
31-Jan-13,-0.095,-0.11,-0.297,-0.24,-0.067,-0.108,-0.196,-0.163
30-Jan-13,0,0.021,0.18,0.113,-0.034,0.063,0.144,0.246
29-Jan-13,0,0.017,0.022,0.042,-0.028,0.031,0.05,0.126
28-Jan-13,0.026,0.191,0.278,0.321,0.026,0.165,0.285,0.315
25-Jan-13,0.097,0.206,0.374,0.341,0.101,0.183,0.385,0.458
24-Jan-13,0.131,0.11,0.185,0.113,0.112,0.137,0.222,0.162
23-Jan-13,0.088,0.089,0.117,0.148,0.108,0.108,0.114,0.178
22-Jan-13,0.076,0.09,0.133,0.139,0.057,0.086,0.142,0.152
21-Jan-13,0.146,0.27,0.247,0.262,0.136,0.265,0.344,0.376
18-Jan-13,0.218,0.324,0.555,0.552,0.189,0.327,0.549,0.562
17-Jan-13,0.04,0.01,0.135,0.077,0.07,0.049,0.121,0.111
16-Jan-13,0,-0.022,-0.051,0,0.003,0,-0.075,-0.001
15-Jan-13,0.059,0.107,0,0,0.07,0.098,0.057,0.14
14-Jan-13,0.135,0.163,0.235,0.227,0.134,0.145,0.235,0.292
11-Jan-13,0.077,0.158,0.153,0.182,0.2,0.142,0.16,0.174
10-Jan-13,0.131,0.176,0.265,0.273,0.22,0.206,0.258,0.26
9-Jan-13,0.147,0.098,0.055,0,0.157,0.122,0.062,0.125
8-Jan-13,0.136,0.105,0.071,0,0.15,0.096,0.071,0.027
7-Jan-13,0.151,0.175,0.226,0.19,0.129,0.167,0.252,0.217
4-Jan-13,0.028,0.243,0.357,0.429,-0.041,0.198,0.363,0.5
3-Jan-13,0.1,0.437,0.653,0.791,0.014,0.391,0.693,0.781
2-Jan-13,0.025,0.13,0.635,0.479,0.052,0.217,0.512,0.482
1-Jan-13,0,0,0,0,0,0,-0.002,0
31-Dec-12,-0.089,-0.146,-0.262,-0.228,-0.086,-0.131,-0.278,-0.223
28-Dec-12,0.132,0.082,0,0.02,0.148,0.071,0.017,0.045
27-Dec-12,0.071,0.116,0.146,0.117,0.086,0.127,0.177,0.127
26-Dec-12,0,0,0,0,0,0,0,0.002
25-Dec-12,0,0,0,0,0,0,0,0
24-Dec-12,0.098,0.027,0.027,0,0.133,0.042,0.036,0.052
21-Dec-12,0,0,-0.06,-0.083,0.012,-0.015,-0.114,-0.13
20-Dec-12,0.108,0.14,0.154,0.108,0.049,0.14,0.176,0.177
19-Dec-12,0,0.182,0.304,0.332,-0.01,0.146,0.291,0.35
18-Dec-12,0.08,0.09,0.283,0.132,0.072,0.049,0.18,0.157
17-Dec-12,-0.117,-0.117,-0.248,-0.22,-0.1,-0.144,-0.246,-0.237
14-Dec-12,-0.035,0,0,0.016,-0.037,-0.026,-0.033,0.046
13-Dec-12,0.018,0.064,0.05,0,0.027,0.051,0.048,0.043
12-Dec-12,0.013,0.083,0.135,0.183,0.002,0.089,0.141,0.203
11-Dec-12,0,0.044,0.155,0.141,-0.011,0.031,0.132,0.148
10-Dec-12,0.018,0.072,0.041,0.07,0.025,0.06,0.048,0.068
7-Dec-12,0.157,0.185,0.212,0.234,0.177,0.167,0.212,0.236
6-Dec-12,0.12,0.108,0.174,0.126,0.091,0.131,0.199,0.158
5-Dec-12,-0.025,-0.057,0,0,-0.06,-0.042,-0.011,0.017
4-Dec-12,-0.089,-0.064,-0.122,-0.093,-0.066,-0.091,-0.145,-0.159
3-Dec-12,0.012,0.098,0.123,0.084,0.122,0.092,0.114,0.082
30-Nov-12,0.196,0.325,0.396,0.419,0.213,0.34,0.426,0.518
29-Nov-12,0.209,0.201,0.587,0.315,0.223,0.218,0.423,0.349
28-Nov-12,0.068,0.033,-0.03,0,0.106,0.042,-0.056,-0.033
27-Nov-12,0,0.062,0.068,0.08,0.006,0.044,0.065,0.091
26-Nov-12,0.095,0.15,0.165,0.152,0.129,0.157,0.164,0.154
23-Nov-12,0.173,0.245,0.295,0.31,0.175,0.217,0.294,0.335
22-Nov-12,0.088,0.146,0.262,0.192,0.055,0.143,0.297,0.248
21-Nov-12,0,0.17,0.208,0.237,-0.024,0.169,0.257,0.296
20-Nov-12,0.071,0.208,0.463,0.401,0.085,0.21,0.47,0.468
19-Nov-12,-0.035,-0.041,0.081,0.074,-0.016,-0.002,0.028,0.075
16-Nov-12,-0.177,-0.281,-0.366,-0.417,-0.131,-0.282,-0.395,-0.417
15-Nov-12,-0.162,-0.148,-0.421,-0.375,-0.182,-0.174,-0.364,-0.419
14-Nov-12,0.035,-0.029,0.092,0,0.034,-0.033,0.003,-0.096
13-Nov-12,-0.134,-0.128,-0.282,-0.217,-0.122,-0.141,-0.222,-0.251
12-Nov-12,0.042,-0.036,0.075,0,0.034,-0.035,-0.008,0.008
9-Nov-12,-0.065,-0.353,-0.547,-0.545,-0.001,-0.327,-0.568,-0.562
8-Nov-12,-0.111,-0.154,-0.668,-0.423,-0.126,-0.198,-0.548,-0.513
7-Nov-12,0.182,0.246,0.367,0.313,0.177,0.236,0.325,0.288
6-Nov-12,0.101,0.089,0.211,0.086,0.088,0.088,0.148,0.133
5-Nov-12,0.099,0.127,0,0,0.088,0.115,0.103,0.103
2-Nov-12,0.076,0.119,0.333,0.341,0.054,0.126,0.348,0.422
1-Nov-12,-0.053,-0.018,-0.103,-0.041,0.005,-0.014,-0.073,-0.117
31-Oct-12,0.03,0.123,0.157,0.179,0.008,0.109,0.148,0.164
30-Oct-12,0.112,0.131,0.248,0.191,0.144,0.152,0.265,0.181
29-Oct-12,0.069,0,0,0,0.099,-0.019,-0.03,-0.058
26-Oct-12,-0.074,-0.094,-0.256,-0.231,-0.06,-0.119,-0.273,-0.345
25-Oct-12,-0.178,-0.2,-0.193,-0.211,-0.158,-0.182,-0.219,-0.221
24-Oct-12,-0.098,-0.297,-0.414,-0.438,-0.087,-0.241,-0.415,-0.464
23-Oct-12,-0.095,-0.184,-0.384,-0.373,-0.123,-0.244,-0.439,-0.439
22-Oct-12,-0.057,-0.066,-0.13,-0.065,-0.072,-0.084,-0.154,-0.154
19-Oct-12,0.098,0.148,0.156,0.141,0.077,0.113,0.131,0.14
18-Oct-12,0.095,0.194,0.279,0.326,0.107,0.187,0.303,0.313
17-Oct-12,0.037,0.188,0.368,0.409,-0.057,0.182,0.368,0.451
16-Oct-12,0,0.117,0.171,0.164,0.004,0.105,0.182,0.186
15-Oct-12,0.094,0.071,0.064,0.018,0.065,0.07,0.038,0.046
12-Oct-12,0.051,0.03,0.034,0,0.092,0.048,0.062,0.007
11-Oct-12,-0.015,-0.128,-0.086,-0.084,-0.028,-0.101,-0.165,-0.185
10-Oct-12,-0.117,-0.185,-0.39,-0.328,-0.127,-0.196,-0.389,-0.402
9-Oct-12,0,0,-0.036,0,-0.016,-0.013,-0.049,-0.037
8-Oct-12,0.054,0.111,0.088,0.117,0.004,0.085,0.111,0.146
5-Oct-12,0,0.11,0.194,0.229,-0.048,0.111,0.204,0.208
4-Oct-12,0.136,0.123,0.196,0.123,0.155,0.126,0.196,0.151
3-Oct-12,0.133,0.163,0.055,0.057,0.162,0.138,0.096,0.093
2-Oct-12,0.097,0.163,0.243,0.243,0.071,0.141,0.245,0.246
1-Oct-12,0.059,0.094,0.192,0.24,0.054,0.112,0.201,0.224
28-Sep-12,0.052,0.032,0.084,0.084,0.071,0.062,0.08,0.099
27-Sep-12,-0.046,-0.149,-0.239,-0.164,-0.015,-0.155,-0.267,-0.244
26-Sep-12,-0.037,-0.081,-0.314,-0.211,-0.03,-0.117,-0.282,-0.332
25-Sep-12,0.054,0,0,0,0.008,0.004,-0.012,-0.049
24-Sep-12,-0.013,-0.048,-0.095,-0.062,-0.038,-0.059,-0.079,-0.077
21-Sep-12,0,-0.018,-0.083,-0.054,0.029,-0.016,-0.078,-0.083
20-Sep-12,0.073,0.053,0,0,0.04,0.045,0.006,-0.02
19-Sep-12,0.076,0.036,0.11,0.075,0.041,0.005,-0.004,0.038
18-Sep-12,-0.02,-0.096,-0.316,-0.19,-0.046,-0.132,-0.295,-0.314
17-Sep-12,0.092,0.214,0.138,0.138,0.121,0.263,0.359,0.394
14-Sep-12,0.166,0.331,0.778,0.648,0.155,0.365,0.686,0.8
13-Sep-12,0,0.099,0.088,0.066,0.074,0.086,0.122,0.126
12-Sep-12,-0.027,0,0.083,0.009,-0.104,-0.013,0.052,0.138
11-Sep-12,-0.014,-0.034,-0.15,-0.055,0.006,-0.044,-0.152,-0.137
10-Sep-12,0.148,0.309,0.316,0.169,0.152,0.296,0.41,0.4
7-Sep-12,0.077,0.343,0.768,0.651,-0.01,0.324,0.759,0.838
6-Sep-12,0,0.018,0.177,0.083,-0.033,0.042,0.138,0.145
5-Sep-12,-0.089,-0.145,-0.229,-0.213,-0.092,-0.157,-0.241,-0.295
4-Sep-12,0,-0.01,-0.087,-0.01,0,-0.029,-0.096,-0.074
3-Sep-12,0.028,0.046,0.025,0.026,0.05,0.05,0.063,0.128
31-Aug-12,0,-0.03,-0.022,-0.048,-0.048,-0.013,-0.052,-0.107
30-Aug-12,-0.06,-0.101,-0.183,-0.203,-0.015,-0.125,-0.19,-0.215
29-Aug-12,-0.01,-0.018,-0.126,-0.133,0.031,-0.007,-0.107,-0.151
28-Aug-12,0.092,0,0,0,0.11,0.04,-0.012,-0.058
27-Aug-12,0,0,0,0,0,0.003,0.001,0.003
24-Aug-12,0.077,-0.026,-0.139,-0.096,0.125,-0.05,-0.176,-0.209
23-Aug-12,0.059,-0.041,-0.08,-0.07,0.082,-0.051,-0.145,-0.176
22-Aug-12,-0.091,-0.105,-0.319,-0.174,-0.075,-0.142,-0.288,-0.252
21-Aug-12,0.023,0,0,0,-0.023,0.016,-0.026,-0.039
20-Aug-12,0.059,0.125,0.086,0.103,0.05,0.122,0.148,0.164
17-Aug-12,0.062,0.097,0.285,0.233,0.015,0.117,0.278,0.281
16-Aug-12,-0.148,-0.079,-0.084,-0.029,-0.154,-0.098,-0.076,-0.011
15-Aug-12,-0.098,0,-0.01,0,-0.145,-0.056,-0.023,0.016
14-Aug-12,0.077,0.033,0.088,0.005,0.091,0.062,0.06,0.07
13-Aug-12,-0.07,-0.026,-0.039,-0.067,-0.12,-0.046,-0.069,-0.088
10-Aug-12,0.092,0.095,0.083,0.076,0.102,0.093,0.104,0.14
9-Aug-12,0.069,0.122,0.24,0.214,0.05,0.112,0.25,0.235
8-Aug-12,0,0.079,0.171,0.086,0.001,0.098,0.161,0.17
7-Aug-12,0.074,0.197,0.168,0.119,0.09,0.23,0.294,0.333
6-Aug-12,0.211,0.305,0.697,0.375,0.209,0.321,0.609,0.618
3-Aug-12,0.042,0.089,-0.01,-0.033,0.036,0.053,-0.015,-0.061
2-Aug-12,0.14,0.134,0.284,0.107,0.115,0.118,0.234,0.163
1-Aug-12,0.078,0.116,0.083,0.058,0.124,0.126,0.094,0.106
31-Jul-12,0.293,0.445,0.43,0.548,0.283,0.401,0.468,0.643
30-Jul-12,0.188,0.457,0.798,0.773,0.158,0.403,0.759,0.807
27-Jul-12,0.054,0.233,0.462,0.395,0.089,0.255,0.481,0.441
26-Jul-12,0.009,0,0.083,0,0.023,0.015,0.058,0.035
25-Jul-12,-0.132,-0.237,-0.294,-0.293,-0.165,-0.217,-0.268,-0.313
24-Jul-12,-0.25,-0.449,-0.576,-0.49,-0.263,-0.433,-0.612,-0.55
23-Jul-12,-0.009,-0.213,-0.618,-0.392,-0.056,-0.27,-0.624,-0.59
20-Jul-12,0.061,0.096,0.031,0.052,0.062,0.128,0.116,0.162
19-Jul-12,0.149,0.251,0.523,0.237,0.124,0.281,0.48,0.397
18-Jul-12,0.146,0.035,0.083,0,0.196,0.067,0.047,-0.039
17-Jul-12,0,0.065,-0.131,0,0.011,0.024,-0.079,-0.076
16-Jul-12,0.119,0.214,0.264,0.201,0.131,0.203,0.271,0.258
13-Jul-12,0.137,0.06,0.245,0,0.142,0.074,0.127,0.067
12-Jul-12,0,-0.116,-0.369,-0.377,0.061,-0.136,-0.382,-0.379
11-Jul-12,0,-0.036,-0.19,-0.152,0.017,-0.047,-0.169,-0.289
10-Jul-12,0,-0.042,0.019,0,-0.013,-0.047,-0.065,-0.1
9-Jul-12,0.028,-0.151,-0.362,-0.327,0.089,-0.145,-0.373,-0.392
6-Jul-12,0.068,0.055,-0.105,0,0.135,0.025,-0.084,-0.007
5-Jul-12,0.212,0.274,0.389,0.419,0.218,0.262,0.405,0.363
4-Jul-12,0.194,0.366,0.408,0.51,0.167,0.305,0.418,0.483
3-Jul-12,0.292,0.46,0.581,0.642,0.257,0.413,0.589,0.598
2-Jul-12,0.212,0.501,0.808,0.851,0.208,0.506,0.797,0.823
29-Jun-12,0.188,0.333,0.631,0.594,0.034,0.361,0.598,0.766
28-Jun-12,0.205,0.249,0.341,0.347,0.24,0.235,0.326,0.32
27-Jun-12,0,0.012,0.127,0,0.017,-0.042,-0.001,-0.036
26-Jun-12,-0.178,-0.248,-0.506,-0.416,-0.211,-0.265,-0.49,-0.486
25-Jun-12,-0.039,-0.233,-0.355,-0.34,-0.042,-0.219,-0.364,-0.413
22-Jun-12,0,-0.105,-0.494,-0.299,0.075,-0.18,-0.473,-0.488
21-Jun-12,0.075,0.176,0.092,0.041,0.002,0.142,0.159,0.124
20-Jun-12,0.095,0.27,0.545,0.364,0.083,0.263,0.499,0.539
19-Jun-12,0.14,0.193,0.268,0.247,0.127,0.187,0.269,0.26
18-Jun-12,0.228,0.26,0.208,0.141,0.251,0.236,0.26,0.204
15-Jun-12,0.22,0.185,0.413,0.27,0.203,0.218,0.361,0.389
14-Jun-12,-0.008,-0.019,-0.095,0,-0.019,-0.031,-0.089,-0.05
13-Jun-12,-0.152,-0.188,-0.074,-0.038,-0.201,-0.19,-0.162,-0.119
12-Jun-12,-0.016,0,-0.199,-0.087,-0.074,-0.058,-0.168,-0.209
11-Jun-12,0.079,0.092,0.377,0.071,0.001,0.141,0.323,0.315
8-Jun-12,0.148,0.197,0.047,0.067,0.131,0.223,0.226,0.264
7-Jun-12,0.106,0.233,0.796,0.429,0.103,0.292,0.682,0.627
6-Jun-12,-0.144,-0.238,-0.276,-0.281,-0.204,-0.162,-0.246,-0.295
5-Jun-12,0,0,0,0,0,0,-0.003,0.003
4-Jun-12,0,0,0,0,0,-0.005,-0.012,-0.007
1-Jun-12,0.191,0.11,-0.069,-0.049,0.333,0.073,-0.143,-0.236
31-May-12,0.184,0,0.069,0.056,0.141,0.041,0.093,0.081
30-May-12,0,0,0,0.02,0.011,-0.013,-0.029,0.003
29-May-12,0.079,0.183,0.112,0.226,0.04,0.144,0.165,0.26
28-May-12,0.063,0.068,0.239,0.094,0.079,0.121,0.243,0.262
25-May-12,-0.04,0,-0.047,0.049,-0.057,0.004,0.025,0.072
24-May-12,0.096,0,0.148,0,0.09,0.022,0.018,0.022
23-May-12,0.054,0.049,-0.169,-0.007,0.04,0.049,0.008,-0.058
22-May-12,0.058,0.145,0.461,0.286,0.068,0.166,0.409,0.412
21-May-12,-0.18,-0.291,-0.272,-0.188,-0.202,-0.28,-0.34,-0.351
18-May-12,-0.087,-0.232,-0.543,-0.431,-0.131,-0.238,-0.467,-0.569
17-May-12,-0.075,-0.228,-0.204,-0.058,-0.124,-0.206,-0.269,-0.228
16-May-12,-0.197,-0.3,-0.533,-0.5,-0.123,-0.365,-0.549,-0.646
15-May-12,-0.055,-0.218,-0.299,-0.288,-0.118,-0.211,-0.35,-0.423
14-May-12,0,-0.051,-0.265,-0.319,0.018,-0.111,-0.296,-0.434
11-May-12,0,0.018,0.021,0.007,0.023,0.025,0.04,-0.043
10-May-12,-0.134,-0.275,-0.178,-0.17,-0.136,-0.279,-0.351,-0.384
9-May-12,-0.286,-0.66,-1.09,-1.163,-0.25,-0.626,-1.036,-1.144
8-May-12,-0.143,-0.449,-0.891,-0.902,-0.107,-0.455,-0.922,-1.007
7-May-12,0,0,0,0,0,-0.007,-0.015,-0.013
4-May-12,-0.077,-0.127,-0.393,-0.297,-0.09,-0.149,-0.366,-0.384
3-May-12,0.095,0.124,0.162,0.085,0.063,0.108,0.115,0.076
2-May-12,0.093,0.105,0.165,0.138,0.135,0.113,0.165,0.14
1-May-12,0.081,0.087,0.039,0.02,0.106,0.08,0.031,0.041
30-Apr-12,0.038,0.105,0.143,0.167,0.077,0.104,0.126,0.182
27-Apr-12,0.106,0.15,0.246,0.174,0.099,0.144,0.241,0.21
26-Apr-12,0.029,0.175,0.168,0.163,0.038,0.14,0.232,0.221
25-Apr-12,0.162,0.192,0.393,0.247,0.242,0.167,0.304,0.198
24-Apr-12,-0.086,-0.274,-0.291,-0.384,-0.11,-0.23,-0.369,-0.421
23-Apr-12,-0.11,-0.263,-0.509,-0.481,-0.112,-0.281,-0.524,-0.549
20-Apr-12,-0.1,-0.103,-0.229,-0.182,-0.171,-0.124,-0.238,-0.255
19-Apr-12,0,0.097,0.17,0.062,-0.063,0.093,0.135,0.155
18-Apr-12,0,0.061,0.257,0.129,0,0.031,0.214,0.183
17-Apr-12,-0.113,-0.147,-0.09,-0.167,-0.144,-0.114,-0.15,-0.181
16-Apr-12,0.016,0.058,-0.064,0,0.015,0.059,-0.016,0.033
13-Apr-12,0.282,0.29,0.636,0.499,0.296,0.333,0.596,0.548
12-Apr-12,-0.071,-0.139,0,0,-0.016,-0.128,-0.084,-0.119
11-Apr-12,-0.149,-0.364,-0.616,-0.713,-0.168,-0.358,-0.639,-0.763
10-Apr-12,-0.12,-0.369,-0.449,-0.507,-0.025,-0.321,-0.475,-0.579
9-Apr-12,0,0,0,0,0,0,0,-0.005
6-Apr-12,0,0,0,0,0,0.001,0.003,0
5-Apr-12,-0.207,-0.476,-0.75,-0.63,-0.252,-0.415,-0.707,-0.658
4-Apr-12,-0.095,-0.105,-0.508,-0.166,-0.16,-0.118,-0.258,-0.189
3-Apr-12,0.19,0.224,0.708,0.413,0.321,0.276,0.529,0.484
2-Apr-12,-0.11,-0.094,-0.094,-0.061,-0.085,-0.034,-0.032,-0.075
30-Mar-12,-0.047,-0.305,-0.234,-0.396,-0.045,-0.24,-0.333,-0.44
29-Mar-12,-0.135,-0.276,-0.592,-0.481,-0.159,-0.318,-0.558,-0.557
28-Mar-12,0.013,0.073,-0.093,0,0.014,0.06,-0.013,0.054
27-Mar-12,0.188,0.278,0.478,0.404,0.246,0.29,0.464,0.457
26-Mar-12,0,0.043,0.214,0.034,0.042,0.05,0.134,0.095
23-Mar-12,0,-0.149,-0.25,-0.248,0.023,-0.13,-0.252,-0.298
22-Mar-12,0,-0.05,-0.199,-0.173,-0.036,-0.075,-0.225,-0.239
21-Mar-12,0,-0.096,-0.058,-0.122,0.026,-0.121,-0.148,-0.186
20-Mar-12,-0.15,-0.153,-0.286,-0.292,-0.11,-0.177,-0.303,-0.316
19-Mar-12,0,-0.042,-0.168,-0.148,-0.023,-0.063,-0.127,-0.151
16-Mar-12,-0.077,-0.094,0,0,-0.177,-0.074,0,0.022
15-Mar-12,-0.237,-0.013,-0.081,0,-0.239,-0.118,-0.026,0.123
14-Mar-12,-0.077,0.189,0.374,0.423,-0.206,0.159,0.366,0.519
13-Mar-12,0.195,0.265,0.417,0.354,0.205,0.264,0.389,0.371
12-Mar-12,0.227,0.295,0.444,0.482,0.237,0.274,0.414,0.471
9-Mar-12,0.115,0.36,0.488,0.529,0.089,0.317,0.487,0.539
8-Mar-12,0.118,0.206,0.558,0.319,0.135,0.177,0.393,0.358
7-Mar-12,-0.062,-0.353,-0.471,-0.505,-0.118,-0.317,-0.518,-0.565
6-Mar-12,-0.235,-0.292,-0.597,-0.472,-0.221,-0.333,-0.566,-0.611
5-Mar-12,0.095,0.075,-0.021,-0.039,0.063,0.058,-0.03,-0.046
2-Mar-12,0.008,0.06,0.137,0.082,0.035,0.052,0.097,0.065
1-Mar-12,-0.09,-0.087,-0.205,-0.097,-0.118,-0.161,-0.244,-0.21
29-Feb-12,0,0.09,0.117,0.162,0,0.106,0.13,0.166
28-Feb-12,0.187,0.047,0.27,0.131,0.191,0.082,0.126,0.077
27-Feb-12,0,-0.054,-0.331,-0.181,0.021,-0.075,-0.27,-0.294
24-Feb-12,0.191,0.185,0.179,0.112,0.239,0.177,0.172,0.182
23-Feb-12,0.207,0.194,0.276,0.22,0.181,0.206,0.289,0.214
22-Feb-12,0.188,0.093,0.131,0.111,0.159,0.133,0.125,0.211
21-Feb-12,0.014,0.13,0,0.075,-0.01,0.089,0.093,0.131
20-Feb-12,0.057,0.271,0.445,0.474,0.009,0.229,0.43,0.45
17-Feb-12,-0.091,-0.056,0.169,0.033,-0.086,-0.07,0.079,0.117
16-Feb-12,-0.128,-0.092,-0.295,-0.118,-0.169,-0.131,-0.237,-0.203
15-Feb-12,0.112,0.185,0.248,0.285,0.187,0.187,0.242,0.346
14-Feb-12,0.149,0.2,0.262,0.278,0.11,0.198,0.275,0.297
13-Feb-12,0.088,0.056,0.107,0.007,0.092,0.034,0.075,0.05
10-Feb-12,-0.009,-0.009,-0.078,0,-0.158,-0.058,-0.098,-0.064
9-Feb-12,0.109,0.161,0.179,0.166,0.072,0.127,0.196,0.205
8-Feb-12,0,0.045,0.123,0.146,-0.016,0.042,0.131,0.217
7-Feb-12,0.042,0.093,0,0,0.026,0.121,0.118,0.136
6-Feb-12,0.122,0.292,0.536,0.456,0.077,0.256,0.5,0.588
3-Feb-12,0.149,0.217,0.355,0.384,0.048,0.195,0.339,0.417
2-Feb-12,0.031,0.229,0.375,0.385,-0.084,0.189,0.369,0.457
1-Feb-12,0.198,0.188,0.354,0.204,0.227,0.278,0.335,0.297
